Rnd,Pick,Tm,Player,Pos,Age,To,AP1,PB,St,wAV,DrAV,G,Tag,Year
1,1,ARI,Kyler Murray,QB,22,2023,0,2,4,57,57,65,MurrKy00,2019
1,2,SFO,Nick Bosa,DE,21,2023,1,4,3,50,50,68,BosaNi00,2019
1,3,NYJ,Quinnen Williams,DT,21,2023,1,2,4,43,43,74,WillQu00,2019
1,4,OAK,Clelin Ferrell,DE,22,2023,0,0,2,20,12,75,FerrCl00,2019
1,5,TAM,Devin White,LB,21,2023,0,1,4,45,45,76,WhitDe02,2019
1,6,NYG,Daniel Jones,QB,22,2023,0,0,4,38,38,60,JoneDa05,2019
1,7,JAX,Josh Allen,LB,22,2023,0,2,3,32,32,74,AlleJo03,2019
1,8,DET,T.J. Hockenson,TE,22,2023,0,2,2,27,16,72,HockTJ00,2019
1,9,BUF,Ed Oliver,DT,21,2023,0,0,3,37,37,78,OlivEd00,2019
1,10,PIT,Devin Bush Jr.,LB,21,2023,0,0,2,24,23,65,BushDe01,2019
1,11,CIN,Jonah Williams,G,21,2023,0,0,3,31,31,59,WillJo10,2019
1,12,GNB,Rashan Gary,LB,21,2023,0,0,2,20,20,73,GaryRa00,2019
1,13,MIA,Christian Wilkins,DT,23,2023,0,0,4,34,34,81,WilkCh00,2019
1,14,ATL,Chris Lindstrom,G,22,2023,0,2,3,33,33,71,LindCh00,2019
1,15,WAS,Dwayne Haskins,QB,22,2020,0,0,0,4,4,16,HaskDw00,2019
1,16,CAR,Brian Burns,DE,21,2023,0,2,3,36,36,80,BurnBr00,2019
1,17,NYG,Dexter Lawrence,DT,21,2023,0,2,3,43,43,80,LawrDe03,2019
1,18,MIN,Garrett Bradbury,C,24,2023,0,0,4,28,28,71,BradGa00,2019
1,19,TEN,Jeffery Simmons,DT,22,2023,0,2,4,42,42,68,SimmJe01,2019
1,20,DEN,Noah Fant,TE,21,2023,0,0,4,21,14,81,FantNo00,2019
1,21,GNB,Darnell Savage Jr.,S,22,2023,0,0,4,21,21,72,SavaDa00,2019
1,22,PHI,Andre Dillard,T,23,2023,0,0,0,11,6,59,DillAn00,2019
1,23,HOU,Tytus Howard,T,23,2023,0,0,4,25,25,61,HowaTy00,2019
1,24,OAK,Josh Jacobs,RB,21,2023,1,2,4,41,41,73,JacoJo01,2019
1,25,BAL,Marquise Brown,WR,22,2023,0,0,3,34,24,72,BrowMa04,2019
1,26,WAS,Montez Sweat,DE,23,2023,0,1,3,36,29,76,SweaMo00,2019
1,27,OAK,Johnathan Abram,S,22,2023,0,0,2,13,10,52,AbraJo01,2019
1,28,LAC,Jerry Tillery,DT,22,2023,0,0,1,19,14,79,TillJe00,2019
1,29,SEA,L.J. Collier,DE,23,2023,0,0,1,9,9,46,CollLJ00,2019
1,30,NYG,Deandre Baker,CB,22,2021,0,0,1,6,5,26,BakeDe00,2019
1,31,ATL,Kaleb McGary,T,24,2023,0,0,4,33,33,77,McGaKa00,2019
1,32,NWE,N'Keal Harry,WR,21,2023,0,0,1,7,6,49,HarrNK00,2019
2,33,ARI,Byron Murphy,CB,21,2023,0,0,3,23,18,70,MurpBy00,2019
2,34,IND,Rock Ya-Sin,CB,23,2023,0,0,1,14,11,66,Ya-SRo00,2019
2,35,JAX,Jawaan Taylor,T,21,2023,0,0,4,33,25,83,TaylJa02,2019
2,36,SFO,Deebo Samuel,WR,23,2023,1,1,3,43,43,66,SamuDe00,2019
2,37,CAR,Greg Little,T,21,2022,0,0,0,8,3,31,LittGr01,2019
2,38,BUF,Cody Ford,T,22,2023,0,0,1,17,13,66,FordCo00,2019
2,39,TAM,Sean Murphy-Bunting,CB,22,2023,0,0,1,19,13,67,BuntSe00,2019
2,40,OAK,Trayvon Mullen,CB,21,2022,0,0,2,10,10,46,MullTr00,2019
2,41,DEN,Dalton Risner,T,24,2023,0,0,4,25,21,77,RisnDa00,2019
2,42,DEN,Drew Lock,QB,22,2023,0,0,1,13,12,28,LockDr00,2019
2,43,DET,Jahlani Tavai,LB,22,2023,0,0,2,25,7,78,TavaJa00,2019
2,44,GNB,Elgton Jenkins,C,23,2023,0,2,3,38,38,70,JenkEl00,2019
2,45,NWE,Joejuan Williams,CB,21,2023,0,0,0,3,3,42,WillJo13,2019
2,46,CLE,Greedy Williams,CB,21,2022,0,0,1,8,8,39,WillGr00,2019
2,47,SEA,Marquise Blair,S,22,2022,0,0,0,2,2,25,BlaiMa01,2019
2,48,NOR,Erik McCoy,C,22,2023,0,1,4,31,31,74,McCoEr01,2019
2,49,IND,Ben Banogu,LB,23,2022,0,0,0,4,4,50,BanoBe00,2019
2,50,MIN,Irv Smith Jr.,TE,21,2023,0,0,0,9,8,49,SmitIr01,2019
2,51,TEN,A.J. Brown,WR,22,2023,0,3,4,57,27,77,BrowAJ00,2019
2,52,CIN,Drew Sample,TE,23,2023,0,0,1,5,5,61,SampDr00,2019
2,53,PHI,Miles Sanders,RB,22,2023,0,1,4,31,29,73,SandMi01,2019
2,54,HOU,Lonnie Johnson Jr.,CB,23,2023,0,0,0,9,8,68,JohnLo01,2019
2,55,HOU,Max Scharping,T,23,2023,0,0,3,18,16,79,SchaMa01,2019
2,56,KAN,Mecole Hardman,WR,21,2023,0,1,0,22,22,68,HardMe00,2019
2,57,PHI,JJ Arcega-Whiteside,WR,22,2021,0,0,0,2,2,40,ArceJJ00,2019
2,58,DAL,Trysten Hill,DT,21,2023,0,0,0,5,5,32,HillTr00,2019
2,59,IND,Parris Campbell,WR,22,2023,0,0,1,9,9,44,CampPa00,2019
2,60,LAC,Nasir Adderley,S,22,2022,0,0,3,13,13,50,AddeNa00,2019
2,61,LAR,Taylor Rapp,S,21,2023,0,0,3,20,18,73,RappTa00,2019
2,62,ARI,Andy Isabella,WR,22,2023,0,0,0,4,4,43,IsabAn00,2019
2,63,KAN,Juan Thornhill,S,23,2023,0,0,4,20,17,76,ThorJu00,2019
2,64,SEA,D.K. Metcalf,WR,21,2023,0,2,4,46,46,82,MetcDK00,2019
3,65,ARI,Zach Allen,DE,22,2023,0,0,3,21,16,62,AlleZa01,2019
3,66,PIT,Diontae Johnson,WR,23,2023,0,1,4,33,33,77,JohnDi01,2019
3,67,SFO,Jalen Hurd,WR,23,,0,0,0,0,0,0,HurdJa00,2019
3,68,NYJ,Jachai Polite,LB,22,2020,0,0,0,1,0,11,PoliJa00,2019
3,69,JAX,Josh Oliver,TE,22,2023,0,0,1,4,0,52,OlivJo00,2019
3,70,LAR,Darrell Henderson,RB,22,2023,0,0,1,15,15,54,HendDa00,2019
3,71,DEN,Dre'Mont Jones,DT,22,2023,0,0,2,23,17,73,JoneDr00,2019
3,72,CIN,Germaine Pratt,LB,23,2023,0,0,4,34,34,79,PratGe00,2019
3,73,CHI,David Montgomery,RB,22,2023,0,0,3,36,27,74,MontDa01,2019
3,74,BUF,Devin Singletary,RB,22,2023,0,0,4,34,28,78,SingDe00,2019
3,75,GNB,Jace Sternberger,TE,23,2020,0,0,0,1,1,18,SterJa00,2019
3,76,WAS,Terry McLaurin,WR,23,2023,0,1,4,37,37,80,McLaTe00,2019
3,77,NWE,Chase Winovich,DE,24,2023,0,0,0,11,10,56,WinoCh00,2019
3,78,MIA,Michael Deiter,G,23,2023,0,0,1,14,10,73,DeitMi00,2019
3,79,LAR,David Long,CB,21,2023,0,0,0,6,6,66,LongDa02,2019
3,80,CLE,Sione Takitaki,LB,24,2023,0,0,1,19,19,72,TakiSi00,2019
3,81,DET,Will Harris,S,23,2023,0,0,2,12,12,81,HarrWi02,2019
3,82,TEN,Nate Davis,G,22,2023,0,0,4,27,22,66,DaviNa01,2019
3,83,PIT,Justin Layne,CB,21,2022,0,0,0,3,3,52,LaynJu00,2019
3,84,KAN,Khalen Saunders,DT,23,2023,0,0,0,13,5,55,SaunKh00,2019
3,85,BAL,Jaylon Ferguson,DE,23,2021,0,0,1,8,8,38,FergJa02,2019
3,86,HOU,Kahale Warring,TE,22,2021,0,0,0,0,0,9,WarrKa00,2019
3,87,NWE,Damien Harris,RB,22,2023,0,0,3,16,15,44,HarrDa06,2019
3,88,SEA,Cody Barton,LB,22,2023,0,0,1,15,10,78,BartCo00,2019
3,89,IND,Bobby Okereke,LB,23,2023,0,0,4,29,21,81,OkerBo00,2019
3,90,DAL,Connor McGovern,G,21,2023,0,0,1,21,13,62,McGoCo01,2019
3,91,LAC,Trey Pipkins,T,23,2023,0,0,1,22,22,69,PipkTr00,2019
3,92,NYJ,Chuma Edoga,T,22,2023,0,0,0,10,5,43,EdogCh00,2019
3,93,BAL,Miles Boykin,WR,22,2023,0,0,2,6,6,73,BoykMi00,2019
3,94,TAM,Jamel Dean,CB,22,2023,0,0,2,19,19,70,DeanJa00,2019
3,95,NYG,Oshane Ximines,DE,22,2023,0,0,0,8,8,48,XimiOs00,2019
3,96,BUF,Dawson Knox,TE,22,2023,0,1,4,18,18,69,KnoxDa00,2019
3,97,LAR,Bobby Evans,T,22,2022,0,0,0,7,7,35,EvanBo00,2019
3,98,JAX,Quincy Williams,S,23,2023,1,0,3,31,3,66,WillQu01,2019
3,99,TAM,Mike Edwards,S,23,2023,0,0,1,16,13,75,EdwaMi01,2019
3,100,CAR,Will Grier,QB,24,2019,0,0,0,1,1,2,GrieWi00,2019
3,101,NWE,Yodny Cajuste,T,23,2022,0,0,0,4,4,17,CajuYo00,2019
3,102,MIN,Alexander Mattison,RB,21,2023,0,0,0,18,18,75,MattAl01,2019
4,103,ARI,Hakeem Butler,WR,23,2020,0,0,0,0,0,2,ButlHa00,2019
4,104,CIN,Ryan Finley,QB,24,2020,0,0,0,2,2,8,FinlRy00,2019
4,105,NOR,C.J. Gardner-Johnson,S,21,2023,0,0,3,17,11,58,GardCh00,2019
4,106,OAK,Maxx Crosby,DE,22,2023,0,3,4,47,47,83,CrosMa00,2019
4,107,TAM,Anthony Nelson,DE,22,2023,0,0,0,11,11,75,NelsAn01,2019
4,108,NYG,Julian Love,CB,21,2023,0,1,1,19,13,81,LoveJu00,2019
4,109,IND,Khari Willis,S,23,2021,0,0,1,12,12,39,WillKh00,2019
4,110,SFO,Mitch Wishnowsky,P,27,2023,0,0,1,8,8,83,WishMi00,2019
4,111,ATL,Kendall Sheffield,CB,23,2023,0,0,0,6,6,43,ShefKe00,2019
4,112,WAS,Bryce Love,RB,22,,0,0,0,0,0,0,LoveBr00,2019
4,113,BAL,Justice Hill,RB,21,2023,0,0,0,11,11,59,HillJu00,2019
4,114,MIN,Dru Samia,G,22,2020,0,0,0,3,3,15,SamiDr00,2019
4,115,CAR,Christian Miller,LB,23,2019,0,0,0,1,1,7,MillCh04,2019
4,116,TEN,Amani Hooker,S,21,2023,0,0,2,15,15,66,HookAm00,2019
4,117,DET,Austin Bryant,DE,22,2023,0,0,0,5,5,35,BryaAu00,2019
4,118,NWE,Hjalte Froholdt,G,23,2023,0,0,0,11,0,48,FrohHj00,2019
4,119,CLE,Sheldrick Redwine,S,22,2023,0,0,0,4,4,34,RedwSh00,2019
4,120,SEA,Gary Jennings Jr,WR,22,2019,0,0,0,0,0,1,JennGa00,2019
4,121,NYJ,Trevon Wesco,TE,23,2023,0,0,0,0,0,69,WescTr00,2019
4,122,PIT,Benny Snell Jr.,RB,21,2022,0,0,0,8,8,63,SnelBe00,2019
4,123,BAL,Ben Powers,G,22,2023,0,0,3,21,14,64,PoweBe00,2019
4,124,SEA,Phil Haynes,G,23,2023,0,0,0,6,6,31,HaynPh00,2019
4,125,CIN,Renell Wren,DT,23,2022,0,0,0,2,2,13,WrenRe00,2019
4,126,CHI,Riley Ridley,WR,23,2020,0,0,0,1,1,10,RidlRi00,2019
4,127,BAL,Iman Marshall,CB,22,2019,0,0,0,0,0,3,MarsIm00,2019
4,128,DAL,Tony Pollard,RB,22,2023,0,1,0,34,34,79,PollTo00,2019
4,129,OAK,Isaiah Johnson,CB,23,2020,0,0,0,1,1,19,JohnIs02,2019
4,130,LAC,Drue Tranquill,LB,24,2023,0,0,1,18,13,63,TranDr00,2019
4,131,WAS,Wes Martin,G,23,2022,0,0,0,6,5,38,MartWe00,2019
4,132,SEA,Ugo Amadi,S,22,2023,0,0,1,7,6,67,AmadUg00,2019
4,133,NWE,Jarrett Stidham,QB,23,2023,0,0,0,6,1,16,StidJa00,2019
4,134,LAR,Greg Gaines,DT,23,2023,0,0,2,15,13,76,GainGr00,2019
4,135,ATL,John Cominsky,DE,23,2023,0,0,0,10,3,57,ComiJo00,2019
4,136,CIN,Michael Jordan,G,21,2022,0,0,2,11,8,55,JordMi01,2019
4,137,OAK,Foster Moreau,TE,22,2023,0,0,3,10,9,76,MoreFo00,2019
4,138,PHI,Shareef Miller,DE,22,2019,0,0,0,0,0,1,MillSh00,2019
5,139,ARI,Deionte Thompson,S,22,2022,0,0,0,4,4,44,ThomDe06,2019
5,140,JAX,Ryquell Armstead,RB,22,2021,0,0,0,2,2,18,ArmsRy00,2019
5,141,PIT,Zach Gentry,TE,22,2023,0,0,2,2,2,41,GentZa00,2019
5,142,SEA,Ben Burr-Kirven,LB,21,2020,0,0,0,2,2,32,BurrBe00,2019
5,143,NYG,Ryan Connelly,LB,23,2023,0,0,0,4,2,32,ConnRy00,2019
5,144,IND,Marvell Tell III,S,23,2019,0,0,0,1,1,13,TellMa00,2019
5,145,TAM,Matt Gay,K,25,2023,0,1,1,16,3,74,GayxMa00,2019
5,146,DET,Amani Oruwariye,CB,23,2023,0,0,2,11,11,54,OruwAm00,2019
5,147,BUF,Vosean Joseph,LB,21,,0,0,0,0,0,0,JoseVo00,2019
5,148,SFO,Dre Greenlaw,LB,22,2023,0,0,3,28,28,62,GreeDr00,2019
5,149,OAK,Hunter Renfrow,WR,23,2023,0,1,0,21,21,73,RenfHu00,2019
5,150,GNB,Kingsley Keke,DT,22,2021,0,0,1,9,9,41,KekeKi00,2019
5,151,MIA,Andrew Van Ginkel,LB,24,2023,0,0,2,24,24,73,VanGAn00,2019
5,152,ATL,Qadree Ollison,RB,22,2023,0,0,0,1,1,24,OlliQa00,2019
5,153,WAS,Ross Pierschbacher,G,24,2022,0,0,0,0,0,11,PierRo00,2019
5,154,CAR,Jordan Scarlett,RB,23,2021,0,0,0,0,0,10,ScarJo00,2019
5,155,CLE,Mack Wilson,LB,21,2023,0,0,2,17,13,77,WilsMa03,2019
5,156,DEN,Justin Hollins,LB,23,2023,0,0,0,8,1,67,HollJu00,2019
5,157,NYJ,Blake Cashman,LB,23,2023,0,0,0,13,4,44,CashBl00,2019
5,158,DAL,Michael Jackson,CB,22,2023,0,0,1,8,0,38,JackMi01,2019
5,159,NWE,Byron Cowart,DT,23,2022,0,0,1,10,9,36,CowaBy00,2019
5,160,BAL,Daylon Mack,DT,22,2019,0,0,0,0,0,1,MackDa00,2019
5,161,HOU,Charles Omenihu,DE,22,2023,0,0,0,10,5,72,OmenCh00,2019
5,162,MIN,Cameron Smith,LB,22,2019,0,0,0,0,0,5,SmitCa01,2019
5,163,NWE,Jake Bailey,P,22,2023,1,1,1,7,7,75,BailJa00,2019
5,164,IND,E.J. Speed,LB,24,2023,0,0,0,10,10,77,SpeeEJ00,2019
5,165,DAL,Joe Jackson,DE,22,2021,0,0,0,1,0,20,JackJo02,2019
5,166,LAC,Easton Stick,QB,23,2023,0,0,0,4,4,6,SticEa00,2019
5,167,PHI,Clayton Thorson,QB,24,,0,0,0,0,0,0,ThorCl00,2019
5,168,TEN,D'Andre Walker,LB,22,2020,0,0,0,0,0,1,WalkDA02,2019
5,169,LAR,David Edwards,T,22,2023,0,0,2,24,23,70,EdwaDa01,2019
5,170,CLE,Austin Seibert,K,22,2023,0,0,0,4,3,31,SeibAu00,2019
5,171,NYG,Darius Slayton,WR,22,2023,0,0,3,25,25,76,SlayDa01,2019
5,172,ATL,Jordan Miller,CB,22,2021,0,0,0,1,1,12,MillJo05,2019
5,173,WAS,Cole Holcomb,LB,23,2023,0,0,3,25,22,58,HolcCo00,2019
6,174,ARI,KeeSean Johnson,WR,22,2021,0,0,0,4,4,18,JohnKe07,2019
6,175,PIT,Sutton Smith,DE,23,2021,0,0,0,0,0,8,SmitSu00,2019
6,176,SFO,Kaden Smith,TE,22,2021,0,0,1,3,0,33,SmitKa00,2019
6,177,NOR,Saquan Hampton,S,23,2020,0,0,0,0,0,6,HampSa00,2019
6,178,JAX,Gardner Minshew II,QB,23,2023,0,1,2,29,16,49,MinsGa00,2019
6,179,ARI,Lamont Gaillard,C,23,2020,0,0,0,2,2,13,GailLa00,2019
6,180,NYG,Corey Ballentine,CB,23,2023,0,0,0,4,2,54,BallCo00,2019
6,181,BUF,Jaquan Johnson,CB,23,2022,0,0,0,5,5,60,JohnJa11,2019
6,182,CIN,Trayveon Williams,RB,21,2023,0,0,0,3,3,51,WillTr06,2019
6,183,SFO,Justin Skule,T,22,2023,0,0,1,9,8,49,SkulJu00,2019
6,184,DET,Travis Fulgham,WR,23,2021,0,0,1,4,0,17,FulgTr00,2019
6,185,GNB,Ka'dar Hollman,CB,24,2023,0,0,0,3,1,35,HollKa00,2019
6,186,DET,Ty Johnson,RB,21,2023,0,0,0,10,2,72,JohnTy02,2019
6,187,DEN,Juwann Winfree,WR,23,2023,0,0,0,1,0,23,WinfJu00,2019
6,188,TEN,David Long,LB,22,2023,0,0,1,21,14,67,LongDa04,2019
6,189,CLE,Drew Forbes,T,22,2022,0,0,0,1,1,13,ForbDr00,2019
6,190,MIN,Armon Watts,DT,23,2023,0,0,1,12,7,72,WattAr01,2019
6,191,MIN,Marcus Epps,S,23,2023,0,0,1,15,0,79,EppsMa00,2019
6,192,PIT,Isaiah Buggs,DT,23,2023,0,0,1,11,5,56,BuggIs00,2019
6,193,MIN,Oli Udoh,T,22,2023,0,0,1,8,8,43,UdohOl01,2019
6,194,GNB,Dexter Williams,RB,22,2020,0,0,0,0,0,7,WillDe07,2019
6,195,HOU,Xavier Crawford,CB,23,2022,0,0,0,1,0,27,CrawXa00,2019
6,196,NYJ,Blessuan Austin,CB,23,2021,0,0,1,6,5,29,AustBl00,2019
6,197,BAL,Trace McSorley,QB,24,2022,0,0,0,1,0,9,McSoTr00,2019
6,198,SFO,Tim Harris,CB,24,2021,0,0,0,0,0,3,HarrTi01,2019
6,199,IND,Gerri Green,DE,23,2022,0,0,0,0,0,1,GreeGe00,2019
6,200,LAC,Emeke Egbule,LB,22,2021,0,0,0,2,2,32,EgbuEm00,2019
6,201,KAN,Rashad Fenton,CB,22,2022,0,0,0,7,7,49,FentRa00,2019
6,202,MIA,Isaiah Prince,T,22,2023,0,0,0,4,1,21,PrinIs00,2019
6,203,ATL,Marcus Green,WR,23,,0,0,0,0,0,0,GreeMa02,2019
6,204,SEA,Travis Homer,RB,21,2023,0,0,0,8,8,65,HomeTr00,2019
6,205,CHI,Duke Shelley,CB,22,2023,0,0,0,6,3,52,ShelDu00,2019
6,206,WAS,Kelvin Harmon,WR,22,2019,0,0,1,3,3,16,HarmKe00,2019
6,207,PIT,Ulysees Gilbert,LB,22,2022,0,0,0,2,2,31,GilbUl00,2019
6,208,TAM,Scott Miller,WR,22,2023,0,0,1,9,9,67,MillSc01,2019
6,209,SEA,Demarcus Christmas,DT,24,,0,0,0,0,0,0,ChriDe01,2019
6,210,CIN,Deshaun Davis,LB,23,,0,0,0,0,0,0,DaviDe01,2019
6,211,CIN,Rodney Anderson,RB,22,,0,0,0,0,0,0,AndeRo02,2019
6,212,CAR,Dennis Daley,T,23,2023,0,0,2,14,8,54,DaleDe00,2019
6,213,DAL,Donovan Wilson,S,24,2023,0,0,2,15,15,66,WilsDo01,2019
6,214,KAN,Darwin Thompson,RB,22,2020,0,0,0,2,2,26,ThomDa06,2019
7,215,TAM,Terry Beckner,DT,22,,0,0,0,0,0,0,BeckTe00,2019
7,216,KAN,Nick Allegretti,G,23,2023,0,0,1,10,10,74,AlleNi00,2019
7,217,MIN,Kris Boyd,CB,22,2023,0,0,0,6,6,64,BoydKr00,2019
7,218,DAL,Mike Weber,RB,22,,0,0,0,0,0,0,WebeMi00,2019
7,219,PIT,Derwin Gray,T,24,2020,0,0,0,0,0,5,GrayDe01,2019
7,220,HOU,Cullen Gillaspia,RB,24,2022,0,0,0,0,0,44,GillCu00,2019
7,221,CLE,Donnie Lewis Jr.,CB,23,,0,0,0,0,0,0,LewiDo00,2019
7,222,CHI,Kerrith Whyte Jr,RB,22,2019,0,0,0,1,0,6,WhytKe00,2019
7,223,CIN,Jordan Brown,CB,23,,0,0,0,0,0,0,BrowJo04,2019
7,224,DET,Isaac Nauta,TE,22,2020,0,0,0,0,0,13,NautIs00,2019
7,225,BUF,Darryl Johnson,DE,22,2022,0,0,0,4,3,38,JohnDa10,2019
7,226,GNB,Ty Summers,LB,23,2023,0,0,0,5,4,67,SummTy00,2019
7,227,WAS,Jimmy Moreland,CB,24,2021,0,0,0,5,5,37,MoreJi00,2019
7,228,BUF,Tommy Sweeney,TE,24,2022,0,0,0,1,1,24,SweeTo00,2019
7,229,DET,P.J. Johnson,DE,23,,0,0,0,0,0,0,JohnPJ00,2019
7,230,OAK,Quinton Bell,DE,23,2022,0,0,0,0,0,9,BellQu00,2019
7,231,NOR,Aliz√© Mack,TE,22,,0,0,0,0,0,0,MackAl00,2019
7,232,NYG,George Asafo-Adjei,T,22,,0,0,0,0,0,0,AsafGe00,2019
7,233,MIA,Chandler Cox,RB,23,2020,0,0,0,0,0,21,CoxxCh01,2019
7,234,MIA,Myles Gaskin,RB,22,2023,0,0,1,13,13,41,GaskMy00,2019
7,235,JAX,Dontavius Russell,DT,23,2019,0,0,0,0,0,3,RussDo00,2019
7,236,SEA,John Ursua,WR,25,2019,0,0,0,0,0,3,UrsuJo00,2019
7,237,CAR,Terry Godwin,WR,22,2020,0,0,0,0,0,3,GodwTe00,2019
7,238,CHI,Stephen Denmark,CB,23,,0,0,0,0,0,0,DenmSt00,2019
7,239,MIN,Dillon Mitchell,WR,22,,0,0,0,0,0,0,MitcDi00,2019
7,240,IND,Jackson Barton,T,24,2023,0,0,0,0,0,9,BartJa00,2019
7,241,DAL,Jalen Jelks,DE,23,,0,0,0,0,0,0,JelkJa00,2019
7,242,LAC,Cortez Broughton,DT,23,2021,0,0,0,1,1,12,BrouCo00,2019
7,243,LAR,Nick Scott,S,24,2023,0,0,1,11,8,81,ScotNi01,2019
7,244,NOR,Kaden Elliss,LB,24,2023,0,0,1,16,8,65,ElliKa00,2019
7,245,NYG,Chris Slayton,DT,23,,0,0,0,0,0,0,SlayCh00,2019
7,246,IND,Javon Patterson,C,22,2020,0,0,0,0,0,1,PattJa00,2019
7,247,MIN,Olabisi Johnson,WR,22,2020,0,0,0,5,5,32,JohnOl00,2019
7,248,ARI,Joshua Miles,T,23,2021,0,0,0,2,2,17,MileJo00,2019
7,249,ARI,Michael Dogbe,DE,23,2023,0,0,0,4,4,41,DogbMi00,2019
7,250,MIN,Austin Cutting,LS,22,2020,0,0,0,1,1,25,CuttAu00,2019
7,251,LAR,Dakota Allen,LB,23,2022,0,0,0,2,0,38,AlleDa01,2019
7,252,NWE,Ken Webster,CB,23,2020,0,0,0,3,0,17,WebsKe00,2019
7,253,WAS,Jordan Brailford,DE,23,2020,0,0,0,1,0,5,BraiJo00,2019
7,254,ARI,Caleb Wilson,TE,23,2020,0,0,0,0,0,5,WilsCa00,2019
1,1,CIN,Joe Burrow,QB,23,2023,0,1,3,44,44,52,BurrJo01,2020
1,2,WAS,Chase Young,DE,21,2023,0,1,1,21,20,43,YounCh04,2020
1,3,DET,Jeff Okudah,CB,21,2023,0,0,1,10,7,38,OkudJe00,2020
1,4,NYG,Andrew Thomas,T,21,2023,0,0,3,26,26,55,ThomAn02,2020
1,5,MIA,Tua Tagovailoa,QB,22,2023,0,1,3,38,38,53,TagoTu00,2020
1,6,LAC,Justin Herbert,QB,22,2023,0,1,3,52,52,62,HerbJu00,2020
1,7,CAR,Derrick Brown,DT,22,2023,0,1,3,28,28,66,BrowDe05,2020
1,8,ARI,Isaiah Simmons,LB,22,2023,0,0,2,19,17,67,SimmIs00,2020
1,9,JAX,C.J. Henderson,CB,21,2023,0,0,2,12,4,49,HendCJ00,2020
1,10,CLE,Jedrick Wills Jr.,T,21,2023,0,0,3,24,24,53,WillJe04,2020
1,11,NYJ,Mekhi Becton,T,21,2023,0,0,1,10,10,31,BectMe00,2020
1,12,OAK,Henry Ruggs III,WR,21,2021,0,0,1,8,8,20,RuggHe00,2020
1,13,TAM,Tristan Wirfs,T,21,2023,1,3,3,44,44,63,WirfTr00,2020
1,14,SFO,Javon Kinlaw,DT,22,2023,0,0,1,15,15,41,KinlJa00,2020
1,15,DEN,Jerry Jeudy,WR,21,2023,0,0,2,22,22,57,JeudJe00,2020
1,16,ATL,AJ Terrell,CB,21,2023,0,0,3,24,24,61,TerrAJ00,2020
1,17,DAL,CeeDee Lamb,WR,21,2023,1,3,3,50,50,66,LambCe00,2020
1,18,MIA,Austin Jackson,T,21,2023,0,0,2,21,21,48,JackAu00,2020
1,19,OAK,Damon Arnette,CB,24,2021,0,0,0,2,2,13,ArneDa00,2020
1,20,JAX,K'Lavon Chaisson,DE,21,2023,0,0,0,8,8,57,ChaiKL00,2020
1,21,PHI,Jalen Reagor,WR,21,2023,0,0,2,10,7,56,ReagJa00,2020
1,22,MIN,Justin Jefferson,WR,21,2023,1,3,3,46,46,60,JeffJu00,2020
1,23,LAC,Kenneth Murray,LB,21,2023,0,0,2,23,23,59,MurrKe00,2020
1,24,NOR,Cesar Ruiz,C,21,2023,0,0,3,22,22,62,RuizCe00,2020
1,25,SFO,Brandon Aiyuk,WR,22,2023,0,0,3,37,37,62,AiyuBr00,2020
1,26,GNB,Jordan Love,QB,21,2023,0,0,0,18,18,27,LoveJo03,2020
1,27,SEA,Jordyn Brooks,LB,22,2023,0,0,2,23,23,63,BrooJo01,2020
1,28,BAL,Patrick Queen,LB,21,2023,0,1,3,39,39,67,QueePa00,2020
1,29,TEN,Isaiah Wilson,T,21,2020,0,0,0,0,0,1,WilsIs00,2020
1,30,MIA,Noah Igbinoghene,CB,20,2023,0,0,0,4,4,37,IgbiNo00,2020
1,31,MIN,Jeff Gladney,CB,23,2020,0,0,1,5,5,16,GladJe00,2020
1,32,KAN,Clyde Edwards-Helaire,RB,21,2023,0,0,1,18,18,48,EdwaCl00,2020
2,33,CIN,Tee Higgins,WR,21,2023,0,0,3,31,31,58,HiggTe00,2020
2,34,IND,Michael Pittman Jr.,WR,22,2023,0,0,3,32,32,62,PittMi01,2020
2,35,DET,D'Andre Swift,RB,21,2023,0,1,0,29,19,56,SwifDA00,2020
2,36,NYG,Xavier McKinney,S,21,2023,0,0,2,17,17,49,McKiXa00,2020
2,37,NWE,Kyle Dugger,S,24,2023,0,0,2,21,21,61,DuggKy00,2020
2,38,CAR,Yetur Gross-Matos,DE,22,2023,0,0,1,16,16,55,GrosYe00,2020
2,39,MIA,Robert Hunt,G,24,2023,0,0,3,22,22,61,HuntRo01,2020
2,40,HOU,Ross Blacklock,DT,22,2023,0,0,0,4,3,44,BlacRo00,2020
2,41,IND,Jonathan Taylor,RB,21,2023,1,1,3,37,37,53,TaylJo02,2020
2,42,JAX,Laviska Shenault Jr.,WR,21,2023,0,0,1,12,9,51,ShenLa00,2020
2,43,CHI,Cole Kmet,TE,21,2023,0,0,3,20,20,67,KmetCo00,2020
2,44,CLE,Grant Delpit,S,21,2023,0,0,1,14,14,45,DelpGr00,2020
2,45,TAM,Antoine Winfield Jr.,S,22,2023,1,1,3,32,32,59,WinfAn00,2020
2,46,DEN,KJ Hamler,WR,21,2022,0,0,0,5,5,23,HamlKJ00,2020
2,47,ATL,Marlon Davidson,DE,22,2023,0,0,0,5,3,24,DaviMa01,2020
2,48,SEA,Darrell Taylor,DE,23,2023,0,0,0,9,9,49,TaylDa00,2020
2,49,PIT,Chase Claypool,WR,22,2023,0,0,1,19,17,58,ClayCh01,2020
2,50,CHI,Jaylon Johnson,CB,21,2023,0,1,3,22,22,53,JohnJa13,2020
2,51,DAL,Trevon Diggs,CB,21,2023,1,2,3,28,28,47,DiggTr00,2020
2,52,LAR,Cam Akers,RB,21,2023,0,0,1,11,10,36,AkerCa00,2020
2,53,PHI,Jalen Hurts,QB,22,2023,0,2,2,56,56,62,HurtJa00,2020
2,54,BUF,A.J. Epenesa,DE,21,2023,0,0,0,10,10,58,EpenAJ00,2020
2,55,BAL,J.K. Dobbins,RB,21,2023,0,0,0,11,11,24,DobbJK00,2020
2,56,MIA,Raekwon Davis,DT,23,2023,0,0,3,22,22,63,DaviRa03,2020
2,57,LAR,Van Jefferson,WR,24,2023,0,0,2,14,13,61,JeffVa00,2020
2,58,MIN,Ezra Cleveland,T,22,2023,0,0,3,21,18,62,ClevEz00,2020
2,59,NYJ,Denzel Mims,WR,22,2022,0,0,1,5,5,30,MimsDe00,2020
2,60,NWE,Josh Uche,LB,21,2023,0,0,0,8,8,51,UcheJo00,2020
2,61,TEN,Kristian Fulton,CB,22,2023,0,0,2,13,13,42,FultKr00,2020
2,62,GNB,AJ Dillon,RB,22,2023,0,0,0,23,23,60,DillAJ00,2020
2,63,KAN,Willie Gay Jr.,LB,22,2023,0,0,3,22,22,57,GayJWi00,2020
2,64,CAR,Jeremy Chinn,S,22,2023,0,0,3,33,33,54,ChinJe00,2020
3,65,CIN,Logan Wilson,LB,24,2023,0,0,2,25,25,57,WilsLo00,2020
3,66,WAS,Antonio Gibson,RB,22,2023,0,0,2,23,23,61,GibsAn00,2020
3,67,DET,Julian Okwara,DE,22,2023,0,0,0,4,4,38,OkwaJu00,2020
3,68,NYJ,Ashtyn Davis,S,23,2023,0,0,1,9,9,54,DaviAs00,2020
3,69,SEA,Damien Lewis,G,23,2023,0,0,3,26,26,61,LewiDa05,2020
3,70,MIA,Brandon Jones,S,22,2023,0,0,1,11,11,54,JoneBr06,2020
3,71,BAL,Justin Madubuike,DT,22,2023,0,1,2,29,29,59,MaduJu00,2020
3,72,ARI,Josh Jones,T,23,2023,0,0,2,14,13,60,JoneJo07,2020
3,73,JAX,DaVon Hamilton,DT,23,2023,0,0,1,13,13,52,HamiDa02,2020
3,74,NOR,Zack Baun,LB,23,2023,0,0,0,10,10,62,BaunZa00,2020
3,75,DET,Jonah Jackson,G,23,2023,0,1,3,25,25,57,JackJo03,2020
3,76,TAM,Ke'Shawn Vaughn,RB,23,2023,0,0,0,2,2,43,VaugKe00,2020
3,77,DEN,Michael Ojemudia,CB,22,2022,0,0,0,4,4,22,OjemMi00,2020
3,78,ATL,Matt Hennessy,C,22,2022,0,0,1,10,10,41,HennMa00,2020
3,79,NYJ,Jabari Zuniga,DE,23,2022,0,0,0,1,1,12,ZuniJa00,2020
3,80,OAK,Lynn Bowden Jr.,WR,22,2023,0,0,0,3,0,26,BowdLy00,2020
3,81,OAK,Bryan Edwards,WR,21,2022,0,0,1,6,6,35,EdwaBr01,2020
3,82,DAL,Neville Gallimore,DT,23,2023,0,0,1,9,9,52,GallNe00,2020
3,83,DEN,Lloyd Cushenberry III,C,22,2023,0,0,2,22,22,57,CushLl00,2020
3,84,LAR,Terrell Lewis,LB,22,2022,0,0,0,5,5,30,LewiTe00,2020
3,85,IND,Julian Blackmon,S,22,2023,0,0,2,16,16,50,BlacJu01,2020
3,86,BUF,Zack Moss,RB,22,2023,0,0,0,16,8,53,MossZa00,2020
3,87,NWE,Anfernee Jennings,LB,23,2023,0,0,0,14,14,45,JennAn00,2020
3,88,CLE,Jordan Elliott,DT,22,2023,0,0,1,17,17,66,ElliJo02,2020
3,89,MIN,Cameron Dantzler,CB,22,2023,0,0,2,10,10,37,DantCa00,2020
3,90,HOU,Jonathan Greenard,DE,23,2023,0,0,1,16,16,48,GreeJo04,2020
3,91,NWE,Devin Asiasi,TE,23,2022,0,0,0,0,0,22,AsiaDe00,2020
3,92,BAL,Devin Duvernay,WR,22,2023,1,2,1,12,12,59,DuveDe00,2020
3,93,TEN,Darrynton Evans,RB,22,2023,0,0,0,3,1,19,EvanDa02,2020
3,94,GNB,Josiah Deguara,TE,23,2023,0,0,0,4,4,50,DeguJo00,2020
3,95,DEN,McTelvin Agim,DT,22,2023,0,0,0,2,2,18,AgimMc00,2020
3,96,KAN,Lucas Niang,T,22,2023,0,0,0,8,8,33,NianLu00,2020
3,97,CLE,Jacob Phillips,LB,21,2022,0,0,0,5,5,20,PhilJa01,2020
3,98,BAL,Malik Harrison,LB,22,2023,0,0,0,14,14,61,HarrMa06,2020
3,99,NYG,Matt Peart,T,23,2023,0,0,0,5,5,43,PearMa00,2020
3,100,OAK,Tanner Muse,S,24,2023,0,0,0,2,0,33,MuseTa00,2020
3,101,NWE,Dalton Keene,TE,21,2023,0,0,0,0,0,7,KeenDa00,2020
3,102,PIT,Alex Highsmith,LB,23,2023,0,0,2,26,26,66,HighAl02,2020
3,103,PHI,Davion Taylor,LB,22,2021,0,0,0,3,3,21,TaylDa01,2020
3,104,LAR,Terrell Burgess,S,21,2023,0,0,0,3,2,43,BurgTe00,2020
3,105,NOR,Adam Trautman,TE,23,2023,0,0,1,7,6,60,TrauAd00,2020
3,106,BAL,Tyre Phillips,T,23,2023,0,0,0,11,6,44,PhilTy00,2020
4,107,CIN,Akeem Davis-Gaither,LB,22,2023,0,0,0,6,6,54,DaviAk01,2020
4,108,WAS,Saahdiq Charles,T,21,2023,0,0,0,8,8,35,CharSa00,2020
4,109,OAK,John Simpson,G,23,2023,0,0,1,17,9,52,SimpJo00,2020
4,110,NYG,Darnay Holmes,CB,22,2023,0,0,0,7,7,54,HolmDa01,2020
4,111,MIA,Solomon Kindley,G,23,2021,0,0,1,6,6,29,KindSo00,2020
4,112,LAC,Joshua Kelley,RB,22,2023,0,0,0,9,9,54,KellJo01,2020
4,113,CAR,Troy Pride Jr.,CB,22,2023,0,0,0,3,3,15,PridTr00,2020
4,114,ARI,Leki Fotu,DT,22,2023,0,0,1,10,10,56,FotuLe00,2020
4,115,CLE,Harrison Bryant,TE,22,2023,0,0,2,7,7,65,BryaHa00,2020
4,116,JAX,Ben Bartch,G,22,2023,0,0,1,8,8,46,BartBe00,2020
4,117,MIN,D.J. Wonnum,DE,22,2023,0,0,1,17,17,62,WonnDJ00,2020
4,118,DEN,Albert Okwuegbunam,TE,22,2023,0,0,0,5,5,30,OkwuAl00,2020
4,119,ATL,Mykal Walker,LB,23,2023,0,0,2,13,11,57,WalkMy00,2020
4,120,NYJ,La'Mical Perine,RB,22,2023,0,0,0,3,2,17,PeriLa00,2020
4,121,DET,Logan Stenberg,G,23,2022,0,0,0,3,3,25,StenLo00,2020
4,122,IND,Jacob Eason,QB,22,2022,0,0,0,0,0,2,EasoJa00,2020
4,123,DAL,Reggie Robinson II,CB,23,2020,0,0,0,0,0,5,RobiRe00,2020
4,124,PIT,Anthony McFarland Jr.,RB,21,2023,0,0,0,1,1,17,McFaAn00,2020
4,125,NYJ,James Morgan,QB,23,,0,0,0,0,0,,MorgJa00,2020
4,126,HOU,Charlie Heck,T,23,2023,0,0,1,10,10,41,HeckCh00,2020
4,127,PHI,K'Von Wallace,S,23,2023,0,0,0,9,4,62,WallKV00,2020
4,128,BUF,Gabriel Davis,WR,21,2023,0,0,2,25,25,64,DaviGa01,2020
4,129,NYJ,Cameron Clark,T,22,,0,0,0,0,0,,ClarCa00,2020
4,130,MIN,James Lynch,DT,21,2022,0,0,0,5,5,37,LyncJa00,2020
4,131,ARI,Rashard Lawrence,DT,22,2022,0,0,0,6,6,25,LawrRa01,2020
4,132,MIN,Troy Dye,LB,23,2023,0,0,1,7,7,60,DyexTr00,2020
4,133,SEA,Colby Parkinson,TE,21,2023,0,0,0,5,5,54,ParkCo02,2020
4,134,ATL,Jaylinn Hawkins,S,23,2023,0,0,1,10,9,58,HawkJa00,2020
4,135,PIT,Kevin Dotson,G,23,2023,0,0,1,17,11,53,DotsKe00,2020
4,136,LAR,Brycen Hopkins,TE,23,2023,0,0,0,2,2,39,HopkBr01,2020
4,137,JAX,Josiah Scott,CB,21,2023,0,0,0,3,0,39,ScotJo00,2020
4,138,KAN,L'Jarius Sneed,S,23,2023,0,0,2,19,19,57,SneeLJ00,2020
4,139,OAK,Amik Robertson,CB,22,2023,0,0,0,9,9,52,RobeAm00,2020
4,140,JAX,Shaquille Quarterman,LB,22,2023,0,0,0,4,4,63,QuarSh00,2020
4,141,HOU,John Reid,CB,24,2022,0,0,0,2,1,27,ReidJo00,2020
4,142,WAS,Antonio Gandy-Golden,WR,22,2021,0,0,0,0,0,10,GandAn00,2020
4,143,BAL,Ben Bredeson,G,22,2023,0,0,0,10,1,45,BredBe00,2020
4,144,SEA,DeeJay Dallas,RB,21,2023,0,0,0,6,6,61,DallDe00,2020
4,145,PHI,Jack Driscoll,G,23,2023,0,0,0,11,11,54,DrisJa00,2020
4,146,DAL,Tyler Biadasz,C,22,2023,0,1,2,25,25,61,BiadTy00,2020
5,147,CIN,Khalid Kareem,DE,22,2023,0,0,0,2,2,28,KareKh00,2020
5,148,SEA,Alton Robinson,DE,22,2021,0,0,0,3,3,30,RobiAl03,2020
5,149,IND,Danny Pinter,G,24,2022,0,0,0,5,5,46,PintDa00,2020
5,150,NYG,Shane Lemieux,G,23,2023,0,0,1,3,3,18,LemiSh00,2020
5,151,LAC,Joe Reed,WR,22,2020,0,0,0,0,0,11,ReedJo03,2020
5,152,CAR,Kenny Robinson Jr.,S,21,2021,0,0,0,1,1,19,RobiKe02,2020
5,153,SFO,Colton McKivitz,T,24,2023,0,0,0,11,11,45,McKiCo00,2020
5,154,MIA,Jason Strowbridge,DE,23,2020,0,0,0,1,1,8,StroJa02,2020
5,155,CHI,Trevis Gipson,DE,23,2023,0,0,1,10,9,48,GipsTr00,2020
5,156,WAS,Keith Ismael,C,22,2023,0,0,0,3,2,31,IsmaKe00,2020
5,157,JAX,Daniel Thomas,S,22,2023,0,0,0,4,4,56,ThomDa07,2020
5,158,NYJ,Bryce Hall,CB,23,2023,0,0,2,9,9,39,HallBr02,2020
5,159,NWE,Justin Rohrwasser,K,23,,0,0,0,0,0,,RohrJu00,2020
5,160,CLE,Nick Harris,C,21,2023,0,0,0,4,4,40,HarrNi01,2020
5,161,TAM,Tyler Johnson,WR,22,2023,0,0,0,5,5,34,JohnTy00,2020
5,162,WAS,Khaleke Hudson,LB,22,2023,0,0,0,7,7,58,HudsKh00,2020
5,163,CHI,Kindle Vildor,CB,22,2023,0,0,2,8,7,51,VildKi00,2020
5,164,MIA,Curtis Weaver,DE,22,2021,0,0,0,0,0,1,WeavCu00,2020
5,165,JAX,Collin Johnson,WR,22,2023,0,0,0,3,2,29,JohnCo01,2020
5,166,DET,Quintez Cephus,WR,22,2022,0,0,0,5,5,22,CephQu00,2020
5,167,BUF,Jake Fromm,QB,22,2021,0,0,0,1,0,3,FromJa00,2020
5,168,PHI,John Hightower,WR,24,2021,0,0,0,1,1,14,HighJo00,2020
5,169,MIN,Harrison Hand,CB,21,2022,0,0,0,2,2,27,HandHa00,2020
5,170,BAL,Broderick Washington Jr.,DT,23,2023,0,0,1,11,11,55,WashBr01,2020
5,171,HOU,Isaiah Coulter,WR,21,2021,0,0,0,0,0,4,CoulIs00,2020
5,172,DET,Jason Huntley,RB,22,2021,0,0,0,0,0,6,HuntJa01,2020
5,173,CHI,Darnell Mooney,WR,22,2023,0,0,2,24,24,60,MoonDa00,2020
5,174,TEN,Larrell Murchison,DT,23,2023,0,0,0,6,4,44,MurcLa00,2020
5,175,GNB,Kamal Martin,LB,22,2021,0,0,0,4,3,16,MartKa01,2020
5,176,MIN,K.J. Osborn,WR,23,2023,0,0,1,13,13,59,OsboKJ00,2020
5,177,KAN,Michael Danna,DE,22,2023,0,0,0,13,13,59,DannMi00,2020
5,178,DEN,Justin Strnad,LB,24,2023,0,0,0,5,5,50,StrnJu00,2020
5,179,DAL,Bradlee Anae,DE,21,2021,0,0,0,1,1,11,AnaeBr00,2020
6,180,CIN,Hakeem Adeniji,T,22,2023,0,0,0,9,9,43,AdenHa00,2020
6,181,DEN,Netane Muti,G,21,2023,0,0,0,3,3,22,MutiNe00,2020
6,182,NWE,Michael Onwenu,G,22,2023,0,0,2,22,22,64,OnweMi00,2020
6,183,NYG,Cam Brown,LB,22,2023,0,0,0,4,4,60,BrowCa01,2020
6,184,CAR,Bravvion Roy,DT,23,2022,0,0,1,9,9,45,RoyxBr00,2020
6,185,MIA,Blake Ferguson,LS,23,2023,0,0,0,4,4,67,FergBl00,2020
6,186,LAC,Alohi Gilman,S,22,2023,0,0,0,10,10,57,GilmAl00,2020
6,187,CLE,Donovan Peoples-Jones,WR,21,2023,0,0,1,18,17,58,PeopDo00,2020
6,188,BUF,Tyler Bass,K,23,2023,0,0,1,11,11,66,BassTy00,2020
6,189,JAX,Jake Luton,QB,24,2020,0,0,0,2,2,3,LutoJa00,2020
6,190,SFO,Charlie Woerner,TE,22,2023,0,0,0,0,0,65,WoerCh00,2020
6,191,NYJ,Braden Mann,P,22,2023,0,0,1,9,7,58,MannBr01,2020
6,192,GNB,Jon Runyan Jr.,T,23,2023,0,0,2,26,26,67,RunyJo00,2020
6,193,IND,Robert Windsor,DT,23,2020,0,0,0,0,0,2,WindRo01,2020
6,194,TAM,Khalil Davis,DT,24,2023,0,0,0,2,0,18,DaviKh00,2020
6,195,NWE,Justin Herron,T,24,2023,0,0,0,7,6,35,HerrJu00,2020
6,196,PHI,Shaun Bradley,LB,23,2022,0,0,0,3,3,45,BradSh00,2020
6,197,DET,John Penisini,DT,23,2021,0,0,1,6,6,32,PeniJo00,2020
6,198,PIT,Antoine Brooks Jr.,S,21,2021,0,0,0,1,0,12,BrooAn00,2020
6,199,LAR,Jordan Fuller,S,22,2023,0,0,2,15,15,48,FullJo01,2020
6,200,PHI,Quez Watkins,WR,22,2023,0,0,1,13,13,49,WatkQu00,2020
6,201,BAL,James Proche,WR,23,2023,0,0,0,3,3,53,ProcJa00,2020
6,202,ARI,Evan Weaver,LB,22,,0,0,0,0,0,,WeavEv00,2020
6,203,MIN,Blake Brandel,T,23,2023,0,0,0,5,5,39,BranBl00,2020
6,204,NWE,Cassh Maluia,LB,21,2020,0,0,0,1,1,9,MaluCa00,2020
6,205,MIN,Josh Metellus,S,22,2023,0,0,0,10,10,65,MeteJo00,2020
6,206,JAX,Tyler Davis,TE,23,2022,0,0,0,0,0,39,DaviTy02,2020
6,207,BUF,Isaiah Hodgins,WR,21,2023,0,0,0,5,0,28,HodgIs00,2020
6,208,GNB,Jake Hanson,C,23,2023,0,0,0,2,1,18,HansJa00,2020
6,209,GNB,Simon Stepaniak,T,23,,0,0,0,0,0,,StepSi00,2020
6,210,PHI,Prince Tega Wanogho,T,22,2023,0,0,0,1,0,23,WanoTe00,2020
6,211,IND,Isaiah Rodgers,CB,22,2022,0,0,1,8,8,45,RodgIs00,2020
6,212,IND,Dezmon Patmon,WR,22,2022,0,0,0,0,0,10,PatmDe00,2020
6,213,IND,Jordan Glasgow,LB,24,2021,0,0,0,2,2,25,GlasJo00,2020
6,214,SEA,Freddie Swain,WR,22,2022,0,0,0,5,5,37,SwaiFr00,2020
7,215,CIN,Markus Bailey,LB,23,2023,0,0,0,7,7,60,BailMa01,2020
7,216,WAS,Kamren Curl,S,21,2023,0,0,3,18,18,60,CurlKa00,2020
7,217,SFO,Jauan Jennings,WR,23,2023,0,0,0,9,9,45,JennJa00,2020
7,218,NYG,Carter Coughlin,LB,23,2023,0,0,0,5,5,55,CougCa00,2020
7,219,BAL,Geno Stone,S,21,2023,0,0,0,12,12,51,StonGe00,2020
7,220,LAC,K.J. Hill,WR,22,2021,0,0,0,1,1,21,HillKJ00,2020
7,221,CAR,Stantley Thomas-Oliver,CB,22,2022,0,0,0,2,2,25,ThomSt00,2020
7,222,ARI,Eno Benjamin,RB,21,2022,0,0,0,4,4,24,BenjEn00,2020
7,223,JAX,Chris Claybrooks,CB,23,2022,0,0,0,5,5,46,ClayCh02,2020
7,224,TEN,Cole McDonald,QB,22,,0,0,0,0,0,,McDoCo00,2020
7,225,MIN,Kenny Willekes,DE,23,2021,0,0,0,1,1,6,WillKe06,2020
7,226,CHI,Arlington Hambright,T,24,2023,0,0,0,1,1,11,HambAr00,2020
7,227,CHI,Lachavious Simmons,G,23,2021,0,0,0,0,0,2,SimmLa00,2020
7,228,ATL,Sterling Hofrichter,P,23,2021,0,0,0,1,1,18,HofrSt00,2020
7,229,WAS,James Smith-Williams,DE,23,2023,0,0,1,13,13,55,SmitJa08,2020
7,230,NWE,Dustin Woodard,C,22,,0,0,0,0,0,,WoodDu01,2020
7,231,DAL,Ben DiNucci,QB,23,2020,0,0,0,1,1,3,DiNuBe00,2020
7,232,PIT,Carlos Davis,DT,24,2022,0,0,0,1,1,12,DaviCa03,2020
7,233,PHI,Casey Toohill,DE,24,2023,0,0,0,9,0,57,ToohCa00,2020
7,234,LAR,Clay Johnston,LB,24,2022,0,0,0,2,0,31,JohnCl00,2020
7,235,DET,Jashon Cornell,DT,23,2021,0,0,0,0,0,1,CornJa01,2020
7,236,GNB,Vernon Scott,S,22,2021,0,0,0,1,1,18,ScotVe00,2020
7,237,KAN,Thakarius Keyes,CB,22,2021,0,0,0,1,1,13,KeyeTh00,2020
7,238,NYG,T.J. Brunson,LB,22,2020,0,0,0,0,0,5,BrunTJ00,2020
7,239,BUF,Dane Jackson,CB,23,2023,0,0,1,12,12,52,JackDa02,2020
7,240,NOR,Tommy Stevens,QB,23,2020,0,0,0,0,0,1,StevTo01,2020
7,241,TAM,Chapelle Russell,LB,23,2021,0,0,0,2,1,27,RussCh00,2020
7,242,GNB,Jonathan Garvin,DE,21,2022,0,0,0,3,3,38,GarvJo00,2020
7,243,TEN,Chris Jackson,S,22,2022,0,0,0,2,2,24,JackCh01,2020
7,244,MIN,Nate Stanley,QB,23,,0,0,0,0,0,,StanNa00,2020
7,245,TAM,Raymond Calais,RB,22,2020,0,0,0,0,0,4,CalaRa00,2020
7,246,MIA,Malcolm Perry,RB,23,2020,0,0,0,1,1,9,PerrMa00,2020
7,247,NYG,Chris Williamson,CB,23,2021,0,0,0,0,0,5,WillCh07,2020
7,248,LAR,Sam Sloman,K,22,2020,0,0,0,0,0,8,SlomSa00,2020
7,249,MIN,Brian Cole II,S,23,,0,0,0,0,0,,ColeBr01,2020
7,250,LAR,Tremayne Anchrum,G,22,2023,0,0,0,2,2,31,AnchTr00,2020
7,251,SEA,Stephen Sullivan,TE,23,2023,0,0,0,1,0,29,SullSt00,2020
7,252,DEN,Tyrie Cleveland,WR,22,2022,0,0,0,0,0,23,ClevTy00,2020
7,253,MIN,Kyle Hinton,G,22,2023,0,0,0,1,0,18,HintKy00,2020
7,254,DEN,Derrek Tuszka,LB,24,2022,0,0,0,3,1,39,TuszDe00,2020
7,255,NYG,Tae Crowder,LB,23,2023,0,0,2,16,16,43,CrowTa00,2020
