Player,Pos,Ht,Wt,Forty,Vertical,BenchReps,BroadJump,Cone,Shuttle,Team,Round,Pick,Year,ID
Johnathan Abram,S,71,205,4.45,,,116,,,OAK,1st,27,2019,AbraJo01
Paul Adams,OT,78,317,5.18,27,16,103,7.68,4.74,,AdamPa01,,,
Nasir Adderley,S,72,206,,,,,,,LAC,2nd,60,2019,AddeNa00
Azeez Al-Shaair,LB,73,234,,,16,,,,,AlShAz00,,,
Otaro Alaka,LB,75,239,4.82,36,20,131,,,,AlakOt01,,,
Dakota Allen,LB,73,232,4.77,31.5,23,116,6.88,4.04,LAR,7th,251,2019,AlleDa01
Josh Allen,EDGE,77,262,4.63,,28,118,7.15,4.23,JAX,1st,7,2019,AlleJo03
Zach Allen,DL,76,281,5,32,24,112,7.34,4.36,ARI,3rd,65,2019,AlleZa01
Bryson Allen-Williams,LB,73,236,4.88,,14,,7.4,,,AlleBr03,,,
Jeff Allison,LB,71,228,4.82,31,12,115,7.2,4.45,,AlliJe00,,,
Ugo Amadi,S,69,199,4.51,32.5,18,115,7.21,4.19,SEA,4th,132,2019,AmadUg00
Rodney Anderson,RB,72,224,,,25,,,,CIN,6th,211,2019,AndeRo02
J.J. Arcega-Whiteside,WR,74,225,,,,,,,PHI,2nd,57,2019,ArceJJ00
Ryquell Armstead,RB,71,220,4.45,30,22,114,7.02,4.29,JAX,5th,140,2019,ArmsRy00
Blessuan Austin,CB,73,198,,,15,,,,NYJ,6th,196,2019,AustBl00
Jake Bailey,P,73,200,4.72,33,,117,,,NWE,5th,163,2019,BailJa00
Zack Bailey,OL,77,299,,28,24,103,,,,BailZa01,,,
Derrick Baity,CB,74,197,,38.5,10,127,7.06,4.31,,BaitDe01,,,
Deandre Baker,CB,71,193,4.52,,14,118,,,NYG,1st,30,2019,BakeDe00
Corey Ballentine,CB,71,196,4.47,39.5,15,135,6.82,4.14,NYG,6th,180,2019,BallCo00
Ben Banogu,EDGE,75,250,4.62,40,23,134,7.02,4.27,IND,2nd,49,2019,BanoBe00
Alex Barnes,RB,72,226,4.59,38.5,34,126,6.95,4.1,,BarnAl01,,,
Alex Bars,OL,78,312,,,,,,,,BarsAl01,,,
Cody Barton,LB,74,237,4.64,32.5,30,116,6.9,4.03,SEA,3rd,88,2019,BartCo00
Jackson Barton,OT,79,310,5.18,27,25,109,7.85,4.66,IND,7th,240,2019,BartJa00
Ryan Bates,OL,76,306,5.09,27,28,102,7.45,4.53,,BateRy02,,,
John Battle,S,72,201,4.67,29.5,,120,7.09,4.33,,BattJo01,,,
Terry Beckner,DL,76,296,5.19,24.5,28,98,7.97,4.82,TAM,7th,215,2019,BeckTe00
Mike Bell,S,75,210,4.83,30,10,118,7.1,4.46,,BellMi01,,,
Beau Benzschawel,OL,78,309,5.24,,20,,,,,BenzBe01,,,
Marquise Blair,S,73,195,4.48,35,,125,,,SEA,2nd,47,2019,BlaiMa01
Kendall Blanton,TE,78,262,4.95,31,22,113,7.37,4.42,,BlanKe01,,,
Nick Bosa,DL,76,266,4.79,33.5,29,116,7.1,4.14,SFO,1st,2,2019,BosaNi00
Kris Boyd,CB,71,201,4.45,36.5,19,127,6.94,4.08,MIN,7th,217,2019,BoydKr00
Miles Boykin,WR,76,220,4.42,43.5,12,140,6.77,4.07,BAL,3rd,93,2019,BoykMi00
Garrett Bradbury,OL,75,306,4.92,31,34,104,7.41,4.53,MIN,1st,18,2019,BradGa00
Tyre Brady,WR,75,211,,32,12,117,,4.25,,BradTy00,,,
Jordan Brailford,EDGE,75,252,4.65,37.5,22,126,,,WAS,7th,253,2019,BraiJo00
Nick Brossette,RB,71,209,4.72,35.5,15,118,7.38,4.44,,BrosNi01,,,
Jordan Brown,CB,72,201,4.51,39.5,13,128,,,,-9999,,,
A.J. Brown,WR,72,226,4.49,36.5,19,120,,,TEN,2nd,51,2019,BrowAJ00
Blace Brown,CB,72,194,4.75,,14,126,7.33,4.22,,BrowBl01,,,
Keenen Brown,TE,74,250,4.75,33,17,117,7.27,4.51,,BrowKe04,,,
Marquise Brown,WR,69,166,,,,,,,BAL,1st,25,2019,BrowMa04
Jake Browning,QB,74,211,4.74,29,,112,7.19,4.44,,BrowJa08,,,
Austin Bryant,EDGE,76,271,,,,,,,DET,4th,117,2019,BryaAu00
Isaiah Buggs,DL,75,306,5.15,24.5,20,96,8.01,4.83,PIT,6th,192,2019,BuggIs00
Sean Bunting,CB,72,195,4.42,41.5,14,126,,,TAM,2nd,39,2019,BuntSe00
Brian Burns,EDGE,77,249,4.53,36,,129,7.01,,CAR,1st,16,2019,BurnBr00
Ben Burr-Kirven,LB,72,230,4.56,34.5,21,121,6.85,4.09,SEA,5th,142,2019,BurrBe00
Devin Bush,LB,71,234,4.43,40.5,21,124,6.93,4.23,PIT,1st,10,2019,BushDe01
Emmanuel Butler,WR,75,217,,36,11,115,,4.22,,ButlEm01,,,
Hakeem Butler,WR,77,227,4.48,36,18,128,,,ARI,4th,103,2019,ButlHa00
Yodny Cajuste,OT,77,312,,,32,,,,NWE,3rd,101,2019,CajuYo00
Deion Calhoun,OL,74,310,5.07,28.5,26,105,7.46,4.62,,CalhDe00,,,
Parris Campbell,WR,72,205,4.31,40,11,135,,4.03,IND,2nd,59,2019,CampPa00
Malik Carney,EDGE,74,251,4.73,33,25,113,7.4,,,CarnMa01,,,
Blake Cashman,LB,73,237,4.5,37.5,18,124,6.95,4.12,NYJ,5th,157,2019,CashBl00
Hamp Cheevers,CB,69,169,4.52,39,8,122,6.96,4.25,,CheeHa00,,,
Demarcus Christmas,DL,75,294,5.08,25.5,22,101,8.13,5.07,SEA,6th,209,2019,ChriDe01
L.J. Collier,DL,74,283,4.91,30,25,118,7.71,4.78,SEA,1st,29,2019,CollLJ00
John Cominsky,DL,77,286,4.69,33.5,22,116,7.03,4.38,ATL,4th,135,2019,ComiJo00
Te'von Coney,LB,73,234,,,,,,,,ConeTe01,,,
Ryan Connelly,LB,74,242,4.66,34.5,,118,7.09,4.31,NYG,5th,143,2019,ConnRy00
C.J. Conrad,TE,76,249,,,,,,,,ConrCJ01,,,
Byron Cowart,DL,75,298,5.16,30,26,111,,,NWE,5th,159,2019,CowaBy00
Jonathan Crawford,S,73,205,,31.5,16,115,,,,CrawJo00,,,
Xavier Crawford,CB,71,187,4.48,37.5,11,,,,HOU,6th,195,2019,CrawXa00
Maxx Crosby,DL,77,255,4.66,36,,122,6.89,4.13,OAK,4th,106,2019,CrosMa00
Jamal Custis,WR,76,214,4.5,34.5,,124,,,,CustJa01,,,
Dennis Daley,OT,77,317,5.23,26.5,20,103,7.95,4.92,CAR,6th,212,2019,DaleDe00
Davante Davis,CB,74,202,4.57,37,14,125,6.76,4.15,,DaviDa02,,,
Deshaun Davis,LB,71,234,,31,25,111,,4.38,CIN,6th,210,2019,DaviDe01
Felton Davis,WR,75,211,,,21,,,,,DaviFe01,,,
Jamal Davis,EDGE,75,243,4.6,39,19,122,7,4.44,,DaviJa08,,,
Nate Davis,OL,75,316,5.23,26,23,107,7.94,4.83,TEN,3rd,82,2019,DaviNa01
Ryan Davis,WR,70,189,,35,12,124,7.09,4.23,,DaviRy01,,,
Jamel Dean,CB,73,206,4.3,41,16,130,7.02,4.19,TAM,3rd,94,2019,DeanJa00
Michael Deiter,OL,77,309,5.23,28,21,105,7.88,4.81,MIA,3rd,78,2019,DeitMi00
Lukas Denis,S,71,190,4.64,33.5,16,116,6.89,4.09,,DeniLu00,,,
Andre Dillard,OT,77,315,4.96,29,24,118,7.44,4.4,PHI,1st,22,2019,DillAn00
D'Cota Dixon,S,70,204,4.81,33.5,20,119,,,,DixoDc01,,,
Johnnie Dixon,WR,70,201,4.41,37.5,16,120,,4.43,,DixoJo01,,,
Tyrel Dodson,LB,72,237,4.6,,24,118,,,,DodsTy01,,,
Greg Dortch,WR,67,173,,,,,,,,DortGr01,,,
Keelan Doss,WR,74,211,,,8,,,,,DossKe00,,,
Ashton Dulin,WR,73,215,4.43,38,13,121,7,4.22,,DuliAs00,,,
Jovon Durante,WR,71,160,4.55,31.5,,120,7,4.31,,DuraJo00,,,
Chuma Edoga,OT,75,308,5.19,,21,,,,NYJ,3rd,92,2019,EdogCh00
David Edwards,OT,78,308,5.28,25.5,,99,7.69,4.77,LAR,5th,169,2019,EdwaDa01
Mike Edwards,S,70,205,,,,,,,TAM,3rd,99,2019,EdwaMi01
T.J. Edwards,LB,72,230,,,16,,,,,EdwaTJ02,,,
Emeke Egbule,LB,74,245,4.65,33,20,119,7.38,4.38,LAC,6th,200,2019,EgbuEm00
Bobby Evans,OT,76,312,5.2,,22,,,,LAR,3rd,97,2019,EvanBo00
Noah Fant,TE,76,249,4.5,39.5,20,127,6.81,4.22,DEN,1st,20,2019,FantNo00
Rashad Fenton,CB,71,193,4.52,34,12,117,,4.25,KAN,6th,201,2019,FentRa00
Jazz Ferguson,WR,77,227,4.45,37,8,123,7.25,4.59,,FergJa04,,,
Clelin Ferrell,EDGE,76,264,,,25,,7.26,4.4,OAK,1st,4,2019,FerrCl00
Mark Fields,CB,70,192,4.37,,18,,,,,FielMa01,,,
Ryan Finley,QB,76,213,4.73,30.5,,116,7.2,4.2,CIN,4th,104,2019,FinlRy00
Nick Fitzgerald,QB,77,226,4.64,29.5,,115,,,,FitzNi01,,,
Cody Ford,OT,76,329,5.21,28.5,19,104,8.27,4.87,BUF,2nd,38,2019,FordCo00
Jack Fox,P,74,213,4.73,27.5,,114,,,,FoxxJa01,,,
Hjalte Froholdt,OL,77,306,5.2,27.5,31,105,7.51,4.54,NWE,4th,118,2019,FrohHj00
Travis Fulgham,WR,74,215,4.58,36.5,15,126,,,DET,6th,184,2019,FulgTr00
Lamont Gaillard,OL,75,305,,,,,,,ARI,6th,179,2019,GailLa00
Greg Gaines,DL,73,312,5.16,31,30,109,,,LAR,4th,134,2019,GainGr00
Malik Gant,S,72,209,4.63,34.5,17,114,7.45,4.3,,GantMa01,,,
Chauncey Gardner-Johnson,S,71,210,4.48,36,17,117,7.03,4.2,NOR,4th,105,2019,GardCh00
Rashan Gary,DL,76,277,4.58,38,26,120,7.26,4.29,GNB,1st,12,2019,GaryRa00
Myles Gaskin,RB,69,205,4.58,35.5,24,118,7.19,4.27,MIA,7th,234,2019,GaskMy00
Matt Gay,K,72,232,,,,,,,TAM,5th,145,2019,GayxMa00
Zach Gentry,TE,80,265,4.9,29.5,12,110,7.4,4.53,PIT,5th,141,2019,GentZa00
Joe Giles-Harris,LB,74,234,4.75,29.5,17,111,,,,GileJo01,,,
Andrew Van ginkel,LB,75,241,,38,17,123,6.89,4.14,MIA,5th,151,2019,VanGAn00
Kevin Givens,DL,73,285,5.08,31,32,115,7.63,4.62,,GiveKe01,,,
Dan Godsil,LS,76,241,5,34.5,16,118,7.56,4.55,,GodsDa01,,,
Terry Godwin,WR,71,184,4.55,36.5,,117,6.96,,CAR,7th,237,2019,GodwTe00
Carl Granderson,EDGE,77,254,4.79,35,,119,7.44,4.41,,GranCa01,,,
Derwin Gray,OT,76,320,5.26,,26,90,,,PIT,7th,219,2019,GrayDe01
Gerri Green,EDGE,76,252,4.63,35,24,114,7.27,4.42,IND,6th,199,2019,GreeGe00
Donnell Greene,OT,77,335,,,,,,,,GreeDo02,,,
Ethan Greenidge,OL,76,327,,,,,,,,GreeEt00,,,
Dre Greenlaw,LB,71,237,,33,24,117,,,SFO,5th,148,2019,GreeDr00
Will Grier,QB,74,217,4.84,34,,112,7.09,4.28,CAR,3rd,100,2019,GrieWi00
Porter Gustin,EDGE,76,255,4.69,35.5,31,119,,,,GustPo00,,,
Emanuel Hall,WR,74,201,4.39,43.5,15,141,,,,HallEm01,,,
Nate Hall,LB,74,225,,,,,,,,HallNa01,,,
Terez Hall,LB,73,230,,,20,,,,,HallTe01,,,
Saquan Hampton,S,73,206,4.48,,14,125,,,NOR,6th,177,2019,HampSa00
Terrill Hanks,LB,74,242,4.98,35.5,21,118,,,,HankTe01,,,
Chase Hansen,LB,75,222,,,,,,,,HansCh02,,,
Mecole Hardman,WR,70,187,4.33,36.5,17,119,,,KAN,2nd,56,2019,HardMe00
Kelvin Harmon,WR,74,221,4.6,32.5,18,117,7.15,4.32,WAS,6th,206,2019,HarmKe00
Damien Harris,RB,70,216,4.57,37,16,121,,,NWE,3rd,87,2019,HarrDa06
Will Harris,S,73,207,4.41,36.5,20,123,6.91,4.12,DET,3rd,81,2019,HarrWi02
N'Keal Harry,WR,74,228,4.53,38.5,27,122,,,NWE,1st,32,2019,HarrNK00
Montre Hartage,CB,71,190,4.68,34.5,9,123,6.95,4.08,,HartMo01,,,
Dwayne Haskins,QB,75,231,5.04,28.5,,,,,WAS,1st,15,2019,HaskDw00
Phil Haynes,OL,76,322,5.2,31,33,108,7.76,4.95,SEA,4th,124,2019,HaynPh00
Daniel Helm,TE,76,249,4.89,,14,,,,,HelmDa01,,,
Darrell Henderson,RB,68,208,4.49,33.5,22,121,,,LAR,3rd,70,2019,HendDa00
Nate Herbig,OL,75,335,5.41,24,29,90,8.15,5.04,,HerbNa01,,,
Karan Higdon,RB,69,206,4.49,34,21,123,,,,HigdKa01,,,
Justice Hill,RB,70,198,4.4,40,21,130,,,BAL,4th,113,2019,HillJu00
Trysten Hill,DL,75,308,5.04,35,28,115,7.7,4.38,DAL,2nd,58,2019,HillTr00
T.J. Hockenson,TE,77,251,4.7,37.5,17,123,7.02,4.18,DET,1st,8,2019,HockTJ00
Alijah Holder,CB,73,191,4.6,36,9,121,6.7,4.15,,HoldAl01,,,
Justin Hollins,EDGE,77,248,4.5,36.5,25,119,7.06,4.4,DEN,5th,156,2019,HollJu00
Elijah Holyfield,RB,70,217,4.78,29.5,26,118,,,,HolyEl00,,,
Travis Homer,RB,70,201,4.48,39.5,17,130,7.07,4.31,SEA,6th,204,2019,HomeTr00
Amani Hooker,S,71,210,4.48,37,14,123,6.81,4.1,TEN,4th,116,2019,HookAm00
Tytus Howard,OT,77,322,5.05,29.5,21,103,8.34,4.87,HOU,1st,23,2019,HowaTy00
Albert Huggins,DL,75,305,5.12,25.5,35,101,7.84,4.84,,HuggAl01,,,
Lil'Jordan Humphrey,WR,76,210,4.75,33.5,13,119,7.09,4.29,,HumpLi01,,,
Jalen Hurd,WR,77,226,,,23,,,,SFO,3rd,67,2019,HurdJa00
Mitch Hyatt,OT,77,303,,25.5,28,102,7.72,4.52,,HyatMi01,,,
Alec Ingold,FB,73,242,4.89,34,16,116,7.35,4.32,,IngoAl01,,,
Andy Isabella,WR,69,188,4.31,36.5,15,121,6.95,4.15,ARI,2nd,62,2019,IsabAn00
Martez Ivey,OL,77,315,,,,,,,,IveyMa00,,,
Joe Jackson,DL,76,275,,27,22,109,,,DAL,5th,165,2019,JackJo02
Mike Jackson,CB,73,210,4.45,40.5,13,130,7.12,4.12,DAL,5th,158,2019,JackMi01
Tyree Jackson,QB,79,249,4.59,34.5,,120,7.09,4.28,,JackTy01,,,
Josh Jacobs,RB,70,220,,,,,,,OAK,1st,24,2019,JacoJo01
Andre James,OT,76,299,5.32,29,21,105,8,4.84,,JameAn01,,,
Cece Jefferson,EDGE,73,266,5.02,30.5,17,108,7.5,4.53,,JeffCe00,,,
Jalen Jelks,EDGE,77,256,4.92,32.5,19,113,7.22,4.59,DAL,7th,241,2019,JelkJa00
Elgton Jenkins,OL,76,310,,28,29,109,7.77,4.62,GNB,2nd,44,2019,JenkEl00
Gary Jennings,WR,73,214,4.42,37,20,127,7.32,4.15,SEA,4th,120,2019,JennGa00
Devon Johnson,OT,79,338,5.16,27.5,26,89,8.34,5.28,,-9999,,,
Anthony Johnson,WR,74,209,,32.5,18,122,7.12,,,JohnAn05,,,
Darryl Johnson,EDGE,78,253,,,20,,,,BUF,7th,225,2019,JohnDa10
Diontae Johnson,WR,70,183,4.53,33.5,15,123,7.09,4.45,PIT,3rd,66,2019,JohnDi01
Fred Johnson,OL,79,326,,,,,,,,JohnFr01,,,
Gary Johnson,LB,72,226,4.43,33.5,16,121,7.15,4.57,,JohnGa02,,,
Isaiah Johnson,CB,74,208,4.4,36.5,,133,6.81,4.06,OAK,4th,129,2019,JohnIs02
Jaquan Johnson,S,70,191,4.69,33,18,121,,,BUF,6th,181,2019,JohnJa11
Keesean Johnson,WR,73,201,4.6,30,14,117,7.28,4.23,ARI,6th,174,2019,JohnKe07
Lonnie Johnson,CB,74,213,4.52,38,15,129,7.01,4.1,HOU,2nd,54,2019,JohnLo01
Bisi Johnson,WR,72,204,4.51,38,14,124,6.88,4.16,MIN,7th,247,2019,JohnOl00
Daniel Jones,QB,77,221,4.81,33.5,,120,7,4.41,NYG,1st,6,2019,JoneDa05
Dre'Mont Jones,DL,75,281,5.12,31.5,,110,7.71,4.53,DEN,3rd,71,2019,JoneDr00
Jordan Jones,LB,74,234,4.62,32.5,23,123,,4.37,,JoneJo04,,,
Tyler Jones,OT,75,306,,31.5,23,111,7.75,4.82,,JoneTy02,,,
Michael Jordan,OT,78,312,5.27,32.5,19,116,7.71,4.71,CIN,4th,136,2019,JordMi01
Kendall Joseph,LB,72,233,,,25,,,,,JoseKe01,,,
Vosean Joseph,LB,73,230,,,,,,,BUF,5th,147,2019,JoseVo00
Kingsley Keke,DL,75,288,4.95,31.5,,111,7.55,4.46,GNB,5th,150,2019,KekeKi00
Brandon Knight,OT,76,314,,,,,,,,KnigBr01,,,
Dawson Knox,TE,76,254,,34.5,16,,7.12,4.27,BUF,3rd,96,2019,KnoxDa00
Tre Lamar,LB,75,253,,,,,,,,LamaTr01,,,
Dexter Lawrence,DL,76,342,5.05,,36,,,,NYG,1st,17,2019,LawrDe03
Justin Layne,CB,74,192,4.5,37.5,,134,6.9,4.09,PIT,3rd,83,2019,LaynJu00
Jonathan Ledbetter,DL,76,280,5.14,26.5,22,108,,,,LedbJo01,,,
Iman Lewis-Marshall,CB,73,207,4.53,,16,,,,BAL,4th,127,2019,MarsIm00
Chris Lindstrom,OL,76,308,4.91,30.5,25,117,7.61,4.54,ATL,1st,14,2019,LindCh00
Greg Little,OT,77,310,5.33,25,,113,,4.74,CAR,2nd,37,2019,LittGr01
Drew Lock,QB,76,228,4.69,31,,112,7.03,4.12,DEN,2nd,42,2019,LockDr00
Damarkus Lodge,WR,74,202,4.55,33.5,11,119,7.06,4.53,,LodgDa01,,,
David Long,CB,71,196,4.45,39.5,15,120,6.45,3.97,LAR,3rd,79,2019,LongDa02
Bryce Love,RB,69,200,,,18,,,,WAS,4th,112,2019,LoveBr00
Julian Love,CB,71,195,4.54,36,14,121,6.72,4.1,NYG,4th,108,2019,LoveJu00
Alize Mack,TE,76,249,4.7,36,22,120,7.27,4.34,NOR,7th,231,2019,MackAl00
Daylon Mack,DL,73,336,5.1,27,30,102,8.02,4.95,BAL,5th,160,2019,MackDa00
Alexander Mattison,RB,71,221,4.67,35,22,127,7.13,4.29,MIN,3rd,102,2019,MattAl01
Erik McCoy,OL,76,303,4.89,31,29,107,8.28,4.62,NOR,2nd,48,2019,McCoEr01
Kaleb McGary,OT,79,317,5.05,33.5,23,111,7.66,4.58,ATL,1st,31,2019,McGaKa00
Connor McGovern,OL,77,308,,,28,112,7.66,4.57,DAL,3rd,90,2019,McGoCo01
Mark McLaurin,S,73,212,4.77,36,12,,,4.46,,McLaMa01,,,
Terry McLaurin,WR,72,208,4.35,37.5,18,125,7.01,4.15,WAS,3rd,76,2019,McLaTe00
Trace McSorley,QB,72,202,4.57,33,,115,7.09,4.12,BAL,6th,197,2019,McSoTr00
D.K. Metcalf,WR,75,228,4.33,40.5,27,134,7.38,4.5,SEA,2nd,64,2019,MetcDK00
Jakobi Meyers,WR,74,203,4.63,37,13,118,7.07,4.23,,MeyeJa01,,,
Joshua Miles,OT,77,314,5.32,36,,109,8.07,4.75,ARI,7th,248,2019,MileJo00
Christian Miller,EDGE,75,247,,38.5,,118,,,CAR,4th,115,2019,MillCh04
Jordan Miller,CB,73,186,4.49,37,6,125,,,ATL,5th,172,2019,MillJo05
Shareef Miller,EDGE,76,254,4.69,29.5,16,,,4.45,PHI,4th,138,2019,MillSh00
Gardner Minshew,QB,73,225,4.97,33.5,,116,7.14,4.45,JAX,6th,178,2019,MinsGa00
Dillon Mitchell,WR,73,197,4.46,36.5,12,122,,4.29,MIN,7th,239,2019,MitcDi00
David Montgomery,RB,70,222,4.63,28.5,15,121,,,CHI,3rd,73,2019,MontDa01
Jalin Moore,RB,70,212,,,27,,,,,MoorJa01,,,
Foster Moreau,TE,76,253,4.66,36.5,22,121,7.16,4.11,OAK,4th,137,2019,MoreFo00
Stanley Morgan,WR,72,202,4.53,38.5,14,125,6.78,4.13,,MorgSt02,,,
Trayvon Mullen,CB,73,199,4.46,34.5,,123,,,OAK,2nd,40,2019,MullTr00
Byron Murphy,CB,71,190,4.55,36.5,14,120,,,ARI,2nd,33,2019,MurpBy00
Kyler Murray,QB,70,207,,,,,,,ARI,1st,1,2019,MurrKy00
Nyqwan Murray,WR,70,191,4.63,34,8,113,7.2,4.4,,MurrNy00,,,
Isaac Nauta,TE,75,244,4.91,28,19,,7.45,4.43,DET,7th,224,2019,NautIs00
Anthony Nelson,DL,79,271,4.82,35.5,18,118,6.95,4.23,TAM,4th,107,2019,NelsAn01
Yosh Nijman,OT,79,324,,,27,114,8.07,4.5,,NijmYo01,,,
Bobby Okereke,LB,73,239,4.58,33.5,,122,7.25,4.26,IND,3rd,89,2019,OkerBo00
Ed Oliver,DL,74,287,,36,32,120,,,BUF,1st,9,2019,OlivEd00
Josh Oliver,TE,77,249,4.63,34,22,117,7.21,4.47,JAX,3rd,69,2019,OlivJo00
Qadree Ollison,RB,73,228,4.58,29.5,19,114,7.53,4.31,ATL,5th,152,2019,OlliQa00
Charles Omenihu,DL,77,280,4.92,36.5,,115,7.48,4.36,HOU,5th,161,2019,OmenCh00
Iosua Opeta,OL,76,301,5.02,33,39,112,8.06,4.94,,OpetIo00,,,
Amani Oruwariye,CB,74,205,4.47,36.5,17,120,6.82,4.16,DET,5th,146,2019,OruwAm00
Javon Patterson,OL,75,307,5.13,27.5,27,98,7.72,4.78,IND,7th,246,2019,PattJa00
Jamal Peters,CB,74,218,4.63,,,,,,,PeteJa00,,,
Ross Pierschbacher,OT,76,307,5.2,22.5,20,,7.83,4.7,WAS,5th,153,2019,PierRo00
Trey Pipkins,OT,78,309,5.12,33.5,16,114,7.61,4.7,LAC,3rd,91,2019,PipkTr00
Jachai Polite,EDGE,75,258,4.84,32,,,,,NYJ,3rd,68,2019,PoliJa00
Tony Pollard,RB,72,210,4.52,35,13,121,,,DAL,4th,128,2019,PollTo00
Ryan Pope,OT,79,320,,,25,,,,,PopeRy01,,,
Ben Powers,OL,76,307,,,21,,,,BAL,4th,123,2019,PoweBe00
Germaine Pratt,LB,74,240,4.57,32.5,24,116,,,CIN,3rd,72,2019,PratGe00
Isaiah Prince,OT,78,305,5.09,27,23,115,7.9,5.02,MIA,6th,202,2019,PrinIs00
Ryan Pulley,CB,71,209,4.61,31,11,111,,,,PullRy00,,,
Taylor Rapp,S,72,208,,35,17,115,6.82,3.99,LAR,2nd,61,2019,RappTa00
Wyatt Ray,EDGE,75,257,4.83,34,25,118,7.34,4.31,,RayxWy01,,,
Dax Raymond,TE,77,255,4.73,32,15,109,7.15,4.39,,RaymDa01,,,
Sheldrick Redwine,S,72,196,4.44,39,,130,,4.14,CLE,4th,119,2019,RedwSh00
Hunter Renfrow,WR,70,184,4.59,35,7,116,6.8,4.19,OAK,5th,149,2019,RenfHu00
Riley Ridley,WR,73,199,4.58,30.5,13,124,7.22,4.28,CHI,4th,126,2019,RidlRi00
Dalton Risner,OT,77,312,5.3,28.5,23,110,7.69,4.52,DEN,2nd,41,2019,RisnDa00
Tyler Roemer,OT,78,312,5.21,30.5,18,108,7.75,4.76,,RoemTy00,,,
Dontavius Russell,DL,75,319,5.15,,24,,7.81,4.77,JAX,7th,235,2019,RussDo00
Brett Rypien,QB,74,210,4.91,33,,116,7.1,4.29,,RypiBr00,,,
Dru Samia,OT,77,305,5.29,27.5,28,101,7.89,4.7,MIN,4th,114,2019,SamiDr00
Drew Sample,TE,77,255,4.71,33.5,,115,7.15,4.31,CIN,2nd,52,2019,SampDr00
Deebo Samuel,WR,71,214,4.48,39,15,122,7.03,4.14,SFO,2nd,36,2019,SamuDe00
Miles Sanders,RB,71,211,4.49,36,20,124,6.89,4.19,PHI,2nd,53,2019,SandMi01
Khalen Saunders,DL,72,324,5.01,30.5,27,101,7.57,4.62,KAN,3rd,84,2019,SaunKh00
Darnell Savage,S,71,198,4.36,39.5,11,126,7.03,4.14,GNB,1st,21,2019,SavaDa00
Jordan Scarlett,RB,71,208,4.47,30,21,116,7.37,4.63,CAR,5th,154,2019,ScarJo00
Max Scharping,OT,78,327,,28,27,108,7.77,4.69,HOU,2nd,55,2019,SchaMa01
Lj Scott,RB,72,227,,33,21,120,7.27,4.34,,ScotLJ00,,,
Austin Seibert,K,69,213,,,,,,,CLE,5th,170,2019,SeibAu00
Kendall Sheffield,CB,71,193,,,,,,,ATL,4th,111,2019,ShefKe00
Kyle Shurmur,QB,76,230,4.91,29.5,,106,7.51,4.53,,ShurKy01,,,
David Sills,WR,75,211,4.57,37.5,14,117,6.97,4.28,,SillDa00,,,
Devin Singletary,RB,67,203,4.66,35,15,117,7.32,4.4,BUF,3rd,74,2019,SingDe00
Chris Slayton,DL,76,307,5.13,29,28,101,,4.73,NYG,7th,245,2019,SlayCh00
Darius Slayton,WR,73,190,4.39,40.5,11,135,7,4.15,NYG,5th,171,2019,SlayDa01
Cameron Smith,LB,74,238,4.69,39,15,123,,4.23,MIN,5th,162,2019,SmitCa01
Irv Smith,TE,74,242,4.63,32.5,19,110,7.32,4.33,MIN,2nd,50,2019,SmitIr01
Jaylen Smith,WR,74,219,4.47,34.5,14,122,7.55,4.48,,SmitJa07,,,
Kaden Smith,TE,77,255,4.92,32,15,108,7.08,4.47,SFO,6th,176,2019,SmitKa00
Saivion Smith,CB,73,199,,33,11,121,7.09,4.37,,SmitSa02,,,
Sutton Smith,EDGE,72,233,4.69,31.5,25,118,6.75,4.32,PIT,6th,175,2019,SmitSu00
Benny Snell,RB,70,224,4.66,29.5,16,119,7.07,4.33,PIT,4th,122,2019,SnelBe00
Jace Sternberger,TE,76,251,4.75,31.5,17,113,7.19,4.31,GNB,3rd,75,2019,SterJa00
Easton Stick,QB,73,224,4.62,33.5,,118,6.65,4.05,LAC,5th,166,2019,SticEa00
Jarrett Stidham,QB,74,218,4.81,31,,110,7.28,4.33,NWE,4th,133,2019,StidJa00
Ty Summers,LB,73,241,4.51,36,27,123,,,GNB,7th,226,2019,SummTy00
Montez Sweat,EDGE,78,260,4.41,36,21,125,7,4.29,WAS,1st,26,2019,SweaMo00
Tommy Sweeney,TE,76,251,4.83,,17,,,,BUF,7th,228,2019,SweeTo00
William Sweet,OT,78,313,5.27,30.5,23,111,8.01,5,,SweeWi01,,,
Jordan Ta'amu,QB,75,221,4.77,27.5,,109,7.06,4.36,,TaamJo01,,,
Sione Takitaki,LB,73,238,4.63,37,24,125,7.21,4.28,CLE,3rd,80,2019,TakiSi00
Trevon Tate,OL,74,293,,,22,,,,,TateTr00,,,
Jahlani Tavai,LB,74,250,,,,,,,DET,2nd,43,2019,TavaJa00
Jawaan Taylor,OT,77,312,,,24,,,,JAX,2nd,35,2019,TaylJa02
Marvell Tell,S,74,198,,42,,136,6.63,4.01,IND,5th,144,2019,TellMa00
Derrek Thomas,CB,75,189,4.44,39.5,8,131,,,,-9999,,,
Cody Thompson,WR,73,205,4.57,38.5,19,119,6.87,4.03,,ThomCo04,,,
Deionte Thompson,S,73,195,,,,,,,ARI,5th,139,2019,ThomDe06
Juan Thornhill,S,72,205,4.42,44,21,141,,,KAN,2nd,63,2019,ThorJu00
Clayton Thorson,QB,76,222,,,,,,,PHI,5th,167,2019,ThorCl00
Jerry Tillery,DL,78,295,4.93,32,23,115,7.45,4.33,LAC,1st,28,2019,TillJe00
Cole Tracy,K,70,184,,,,,,,,TracCo00,,,
Drue Tranquill,LB,74,234,4.57,37.5,31,122,6.94,4.14,LAC,4th,130,2019,TranDr00
Oli Udoh,OT,77,323,5.05,28.5,26,105,7.88,5.05,,-9999,,,
D'Andre Walker,EDGE,74,251,,,,,,,TEN,5th,168,2019,WalkDA02
Kahale Warring,TE,77,252,4.67,36.5,19,122,7.21,4.25,HOU,3rd,86,2019,WarrKa00
Armon Watts,DL,77,300,5.23,,,,,,MIN,6th,190,2019,WattAr01
Jamarius Way,WR,75,215,4.63,32.5,16,119,,4.66,,WayxJa00,,,
Mike Weber,RB,70,211,4.47,33.5,22,,,,DAL,7th,218,2019,WebeMi00
Ken Webster,CB,71,203,4.43,43,18,133,6.85,4.14,NWE,7th,252,2019,WebsKe00
Trevon Wesco,TE,75,267,4.89,31,24,117,7.18,4.38,NYJ,4th,121,2019,WescTr00
Alex Wesley,WR,72,190,4.45,38.5,13,125,7.4,4.44,,-9999,,,
Antoine Wesley,WR,76,206,,37,6,117,7.07,4.26,,WeslAn01,,,
Darius West,S,71,208,4.39,33.5,19,113,,,,WestDa00,,,
Devin White,LB,72,237,4.42,39.5,22,118,7.07,4.17,TAM,1st,5,2019,WhitDe02
Christian Wilkins,DL,75,315,5.04,29.5,28,107,,4.55,MIA,1st,13,2019,WilkCh00
Dexter Williams,RB,71,212,4.57,36,17,130,7,4.16,GNB,6th,194,2019,WillDe07
Greedy Williams,CB,74,185,4.37,,,,,,CLE,2nd,46,2019,WillGr00
James Williams,RB,69,197,4.58,36.5,,118,7.01,4.25,,WillJa08,,,
Jonah Williams,OT,76,302,5.12,28,23,100,8.01,4.79,CIN,1st,11,2019,WillJo10
Joejuan Williams,CB,76,211,4.64,,17,,,,NWE,2nd,45,2019,WillJo13
Quinnen Williams,DL,75,303,4.83,30.5,,112,,,NYJ,1st,3,2019,WillQu00
Trayveon Williams,RB,68,206,4.51,33,19,121,7.44,4.44,CIN,6th,182,2019,WillTr06
Gerald Willis,DL,74,302,,,,,,,,WillGe02,,,
Khari Willis,S,71,213,4.52,34.5,22,118,,,IND,4th,109,2019,WillKh00
Caleb Wilson,TE,76,240,4.56,29,,113,7.2,4.4,ARI,7th,254,2019,WilsCa00
Donovan Wilson,S,72,199,,36,18,127,,,DAL,6th,213,2019,WilsDo01
Mack Wilson,LB,73,240,,32,,117,,,CLE,5th,155,2019,WilsMa03
Andrew Wingard,S,72,209,4.56,36.5,9,121,7.08,4.2,,WingAn01,,,
Chase Winovich,EDGE,75,256,4.59,30.5,18,116,6.94,4.11,NWE,3rd,77,2019,WinoCh00
Daniel Wise,DL,75,281,5.28,27.5,22,112,7.53,4.37,,WiseDa01,,,
Mitch Wishnowsky,P,74,218,4.63,32.5,,117,,,SFO,4th,110,2019,WishMi00
Zedrick Woods,S,71,205,4.29,34.5,19,122,7,4.15,,WoodZe00,,,
Evan Worthington,S,74,212,4.63,33.5,17,121,7.07,4.37,,WortEv00,,,
Renell Wren,DL,77,318,5.01,32,30,118,7.65,4.53,CIN,4th,125,2019,WrenRe00
Oshane Ximines,EDGE,75,253,4.78,34,24,118,7.13,4.57,NYG,3rd,95,2019,XimiOs00
Rock Ya-Sin,CB,72,192,4.51,39.5,18,120,7.31,4.31,IND,2nd,34,2019,Ya-SRo00
Trey Adams,OL,80,318,5.6,24.5,,92,,,,AdamTr01,,,
Hakeem Adeniji,OL,76,302,5.17,34,26,115,,,CIN,6th,180,2020,AdenHa00
McTelvin Agim,DL,75,309,4.98,,27,,,,DEN,3rd,95,2020,AgimMc00
Salvon Ahmed,RB,71,197,4.62,34.5,,120,,,,AhmeSa01,,,
Brandon Aiyuk,WR,72,205,4.5,40,11,128,,,SFO,1st,25,2020,AiyuBr00
Cam Akers,RB,70,217,4.47,35.5,20,122,,4.42,LAR,2nd,52,2020,AkerCa00
Bradlee Anae,DL,75,257,4.93,31,25,115,7.44,4.43,DAL,5th,179,2020,AnaeBr00
Tremayne Anchrum,OL,74,314,5.21,24.5,26,104,,,LAR,7th,250,2020,AnchTr00
Jet Anderson,RB,70,208,4.61,36,19,128,,4.19,,AndeDa03,,,
Damon Arnette,CB,72,195,4.56,,,,,,OAK,1st,19,2020,ArneDa00
Grayland Arnold,CB,69,186,4.59,33,12,120,7.01,4.3,,ArnoGr01,,,
Devin Asiasi,TE,75,257,4.73,30.5,16,115,,,NWE,3rd,91,2020,AsiaDe00
Joe Bachie,LB,73,230,4.67,33.5,26,119,6.93,4.34,,BachJo01,,,
Markus Bailey,LB,72,235,,,15,,,,CIN,7th,215,2020,BailMa01
Trajan Bandy,CB,68,180,4.5,,10,,,,,BandTr01,,,
Ben Bartch,OL,78,309,,,,,,,JAX,4th,116,2020,BartBe00
Tyler Bass,K,70,185,,,,,,,BUF,6th,188,2020,BassTy00
Essang Bassey,CB,69,191,4.46,39.5,12,128,6.95,4.13,,BassEs01,,,
Zack Baun,LB,74,238,4.65,32.5,24,115,7,4.31,NOR,3rd,74,2020,BaunZa00
Omar Bayless,WR,73,212,4.62,36,11,123,7.35,4.5,,BaylOm01,,,
Mekhi Becton,OL,79,364,5.1,,23,,,,NYJ,1st,11,2020,BectMe00
LeVante Bellamy,RB,69,192,4.5,39.5,16,125,,,,BellLe02,,,
Eno Benjamin,RB,69,207,4.57,39,12,122,6.97,4.25,ARI,7th,222,2020,BenjEn00
Francis Bernard,LB,72,234,4.81,32.5,19,120,,,,BernFr01,,,
Tyler Biadasz,OL,76,314,,,,,,,DAL,4th,146,2020,BiadTy00
Daniel Bituli,LB,74,246,4.84,32,16,121,,,,BituDa01,,,
Ross Blacklock,DL,75,290,4.9,29,,107,7.77,4.67,HOU,2nd,40,2020,BlacRo00
Julian Blackmon,S,72,187,,,,,,,IND,3rd,85,2020,BlacJu01
Rodrigo Blankenship,K,73,190,,,,,,,,BlanRo03,,,
Lynn Bowden,WR,71,204,,,13,,,,OAK,3rd,80,2020,BowdLy00
Shaun Bradley,LB,73,235,4.51,32.5,14,121,7.07,4.24,PHI,6th,196,2020,BradSh00
Ben Bredeson,OL,77,315,,,,,,,BAL,4th,143,2020,BredBe00
Jacob Breeland,TE,77,252,,,,,,,,BreeJa01,,,
Jordyn Brooks,LB,72,240,4.54,,,,,,SEA,1st,27,2020,BrooJo01
Cameron Brown,LB,77,233,4.72,35.5,16,123,,,NYG,6th,183,2020,BrowCa01
Derrick Brown,DL,77,326,5.16,27,28,108,8.22,4.79,CAR,1st,7,2020,BrowDe05
Tony Brown,WR,73,198,4.65,33.5,14,119,7.21,4.27,,BrowTo02,,,
Harrison Bryant,TE,77,243,4.73,32.5,13,110,7.41,4.37,CLE,4th,115,2020,BryaHa00
Hunter Bryant,TE,74,248,4.74,32.5,23,115,7.08,4.46,,BryaHu02,,,
Kelly Bryant,QB,75,229,4.69,35,,125,7.33,4.51,,BryaKe01,,,
Myles Bryant,CB,68,183,4.62,31.5,,115,6.81,4.02,,BryaMy01,,,
Terrell Burgess,S,71,202,4.46,33.5,20,122,,,LAR,3rd,104,2020,BurgTe00
Joe Burrow,QB,75,221,,,,,,,CIN,1st,1,2020,BurrJo01
Cohl Cabral,OL,77,300,,,20,,,,,CabrCo01,,,
Lawrence Cager,WR,77,220,,,,,,,,CageLa01,,,
Raymond Calais,RB,68,188,4.42,37.5,20,120,,,TAM,7th,245,2020,CalaRa00
Marquez Callaway,WR,73,205,4.55,38,,126,,,,CallMa01,,,
Shyheim Carter,S,70,194,,,,,,,,CartSh01,,,
Quintez Cephus,WR,73,202,4.73,38.5,23,124,7.2,4.33,DET,5th,166,2020,CephQu00
K'Lavon Chaisson,LB,75,254,,,,,,,JAX,1st,20,2020,ChaiKL00
Saahdiq Charles,OL,76,321,5.05,,,,,,WAS,4th,108,2020,CharSa00
Joseph Charlton,P,76,195,,,,,,,,CharJo01,,,
Jeremy Chinn,S,75,221,4.45,41,20,138,,,CAR,2nd,64,2020,ChinJe00
Cameron Clark,OL,76,308,5.29,25,26,101,,,NYJ,4th,129,2020,ClarCa00
Nevelle Clarke,CB,73,190,,35,10,126,6.88,4.31,,ClarNe00,,,
Chase Claypool,WR,76,238,4.42,40.5,19,126,,,PIT,2nd,49,2020,ClayCh01
Rodney Clemons,S,72,209,4.71,33.5,21,118,,,,ClemRo01,,,
Ezra Cleveland,OL,78,311,4.93,30,30,111,7.26,4.46,MIN,2nd,58,2020,ClevEz00
Tyrie Cleveland,WR,74,209,4.46,39.5,13,126,,,DEN,7th,252,2020,ClevTy00
Josiah Coatney,DL,75,308,5.21,27,22,99,8.07,4.82,,CoatJo01,,,
Nick Coe,LB,77,280,4.89,29,21,116,,,,CoexNi01,,,
Kendall Coleman,DL,75,257,4.95,32,,114,7.5,4.62,,ColeKe01,,,
Trystan Colon-Castillo,OL,75,313,,,11,,,,,ColoTr01,,,
Carter Coughlin,LB,75,236,4.57,36,,126,,,NYG,7th,218,2020,CougCa00
Isaiah Coulter,WR,74,198,4.45,36,,121,7.28,4.62,HOU,5th,171,2020,CoulIs00
Kamren Curl,S,73,206,4.6,34.5,24,125,,,WAS,7th,216,2020,CurlKa00
Lloyd Cushenberry,OL,75,312,5.27,,25,,,,DEN,3rd,83,2020,CushLl00
DeeJay Dallas,RB,70,217,4.58,33.5,,119,7.18,4.32,SEA,4th,144,2020,DallDe00
Darrion Daniels,DL,75,311,5.18,27,21,109,7.75,4.93,,DaniDa04,,,
Cameron Dantzler,CB,74,188,4.64,34.5,,,,,MIN,3rd,89,2020,DantCa00
Kevin Davidson,QB,76,224,5,28,,109,7.13,4.37,,DaviKe04,,,
Marlon Davidson,DL,75,303,5.04,,21,,,,ATL,2nd,47,2020,DaviMa01
Ashtyn Davis,S,73,202,,,14,,,,NYJ,3rd,68,2020,DaviAs00
Carlos Davis,DL,74,313,4.82,,27,,,4.52,PIT,7th,232,2020,DaviCa03
Gabriel Davis,WR,74,216,4.54,35,14,124,7.08,4.59,BUF,4th,128,2020,DaviGa01
Javaris Davis,CB,68,183,4.39,35.5,11,124,,,,DaviJa10,,,
Khalil Davis,DL,73,308,4.75,,32,,,,TAM,6th,194,2020,DaviKh00
Quartney Davis,WR,73,201,4.54,35.5,,,,,,DaviQu03,,,
Raekwon Davis,DL,78,311,5.12,28,24,111,7.95,4.86,MIA,2nd,56,2020,DaviRa03
Akeem Davis-Gaither,LB,73,224,,,21,,,,CIN,4th,107,2020,DaviAk01
Josiah Deguara,TE,74,242,4.72,35.5,25,115,7.15,4.35,GNB,3rd,94,2020,DeguJo00
Grant Delpit,S,74,213,,,,,,,CLE,2nd,44,2020,DelpGr00
Trevon Diggs,CB,73,205,,,,,,,DAL,2nd,51,2020,DiggTr00
AJ Dillon,RB,72,247,4.53,41,23,131,7.19,,GNB,2nd,62,2020,DillAJ00
Michael Divinity,LB,74,242,4.85,31,14,115,,,,DiviMi01,,,
J.K. Dobbins,RB,69,209,,,23,,,,BAL,2nd,55,2020,DobbJK00
Rico Dowdle,RB,71,213,4.54,38,,127,,,,DowdRi01,,,
Jack Driscoll,OL,77,306,5.02,29.5,23,114,,,PHI,4th,145,2020,DrisJa00
Kyle Dugger,S,73,217,4.49,42,17,134,,,NWE,2nd,37,2020,DuggKy00
Yasir Durant,OL,78,331,5.52,25,21,,,,,DuraYa01,,,
Devin Duvernay,WR,70,200,4.39,35.5,,123,7.13,4.2,BAL,3rd,92,2020,DuveDe00
Troy Dye,LB,75,231,,,,,,,MIN,4th,132,2020,DyexTr00
Jacob Eason,QB,78,231,4.89,27.5,,110,7.5,4.75,IND,4th,122,2020,EasoJa00
Bryan Edwards,WR,75,212,,,,,,,OAK,3rd,81,2020,EdwaBr01
Clyde Edwards-Helaire,RB,67,207,4.6,39.5,15,123,,,KAN,1st,32,2020,EdwaCl00
Jalen Elliott,S,72,205,4.8,34,15,125,6.87,4.3,,ElliJa05,,,
Jordan Elliott,DL,76,302,5.02,27.5,24,,,4.73,CLE,3rd,88,2020,ElliJo02
A.J. Epenesa,DL,77,275,5.04,32.5,17,117,7.34,4.46,BUF,2nd,54,2020,EpenAJ00
Darrynton Evans,RB,70,203,4.41,37,20,125,,,TEN,3rd,93,2020,EvanDa02
Blake Ferguson,LS,75,229,5.07,31,,112,7.43,4.52,MIA,6th,185,2020,FergBl00
Chris Finke,WR,69,186,4.57,40,7,,,,,FinkCh01,,,
Leki Fotu,DL,77,330,5.15,,21,,,,ARI,4th,114,2020,FotuLe00
Jake Fromm,QB,74,219,5.01,30,,111,7.27,4.51,BUF,5th,167,2020,FromJa00
Aaron Fuller,WR,71,188,4.59,34,,118,7.14,,,FullAa01,,,
Jordan Fuller,S,74,203,4.67,35.5,,122,,4.27,LAR,6th,199,2020,FullJo01
Kristian Fulton,CB,72,197,4.46,35.5,,123,6.94,4.36,TEN,2nd,61,2020,FultKr00
Tipa Galeai,LB,77,235,,,,,,,,GaleTi01,,,
Neville Gallimore,DL,74,304,4.79,,23,,7.97,5.01,DAL,3rd,82,2020,GallNe00
Antonio Gandy-Golden,WR,76,223,4.6,36,22,127,7.33,4.55,WAS,4th,142,2020,GandAn00
Cale Garrett,LB,74,234,4.92,32,,124,6.91,4.13,,GarrCa02,,,
Jonathan Garvin,DL,76,263,4.82,36,23,125,,,GNB,7th,242,2020,GarvJo00
Antonio Gibson,WR,72,228,4.39,35,16,118,,,WAS,3rd,66,2020,GibsAn00
Alohi Gilman,S,70,201,4.6,32,17,119,6.81,4.08,LAC,6th,186,2020,GilmAl00
Trevis Gipson,DL,75,261,,,25,,,,CHI,5th,155,2020,GipsTr00
Jeff Gladney,CB,70,191,4.48,37.5,17,124,7.26,,MIN,1st,31,2020,GladJe00
Anthony Gordon,QB,74,205,,,,,,,,GordAn01,,,
A.J. Green,CB,73,202,4.62,,13,,,,,GreeAJ00,,,
Jonathan Greenard,DL,75,263,4.87,30.5,22,113,7.13,4.34,HOU,3rd,90,2020,GreeJo04
Yetur Gross-Matos,DL,77,266,,34,20,120,,,CAR,2nd,38,2020,GrosYe00
Javelin Guidry,CB,69,191,4.29,,21,,,,,GuidJa01,,,
Stephen Guidry,WR,75,201,4.47,34,,125,7.31,4.46,,GuidSt01,,,
Bryce Hall,CB,73,202,,,11,,,,NYJ,5th,158,2020,HallBr02
DaVon Hamilton,DL,76,320,5.14,29.5,33,102,7.72,,JAX,3rd,73,2020,HamiDa02
LaDarius Hamilton,DL,74,262,4.89,30,27,114,7.66,4.49,,HamiLa01,,,
KJ Hamler,WR,69,178,,,15,,,,DEN,2nd,46,2020,HamlKJ00
Harrison Hand,CB,71,197,4.52,41,14,133,7.15,4.27,MIN,5th,169,2020,HandHa00
Jake Hanson,OL,76,303,5.5,,33,,,,GNB,6th,208,2020,HansJa00
Scoota Harris,LB,72,234,4.69,33,18,111,7.38,4.32,,HarrDe10,,,
Nick Harris,OL,73,302,5.1,29.5,20,103,,,CLE,5th,160,2020,HarrNi01
Malik Harrison,LB,75,247,4.66,36,,122,6.83,4.32,BAL,3rd,98,2020,HarrMa06
JaMycal Hasty,RB,68,205,4.55,39,15,123,,4.03,,HastJa02,,,
Jaylinn Hawkins,S,73,208,,35.5,,117,,,ATL,4th,134,2020,HawkJa00
Charlie Heck,OL,80,311,5.16,28,21,112,8.02,4.86,HOU,4th,126,2020,HeckCh00
C.J. Henderson,CB,73,204,4.39,37.5,20,127,,,JAX,1st,9,2020,HendCJ00
Matt Hennessy,OL,76,307,5.18,30,23,110,7.45,4.6,ATL,3rd,78,2020,HennMa00
Justin Herbert,QB,78,236,4.68,35.5,,123,7.06,4.46,LAC,1st,6,2020,HerbJu00
Brian Herrien,RB,71,209,4.62,38.5,18,126,7.12,4.4,,HerrBr00,,,
Justin Herron,OL,76,308,5.26,33,27,105,8.41,4.88,NWE,6th,195,2020,HerrJu00
Tee Higgins,WR,76,216,,,,,,,CIN,2nd,33,2020,HiggTe00
Alex Highsmith,DL,75,248,4.7,33,,125,7.32,4.31,PIT,3rd,102,2020,HighAl02
John Hightower,WR,73,189,4.43,38.5,,122,7.07,4.21,PHI,5th,168,2020,HighJo00
K.J. Hill,WR,72,196,4.6,32.5,17,114,,,LAC,7th,220,2020,HillKJ00
Lavert Hill,CB,70,190,,,21,,,,,HillLa01,,,
Trevon Hill,DL,75,248,4.89,28,,113,,,,HillTr02,,,
Isaiah Hodgins,WR,76,210,4.61,36.5,9,124,7.01,4.12,BUF,6th,207,2020,HodgIs00
Sterling Hofrichter,P,70,196,,,,,,,ATL,7th,228,2020,HofrSt00
Darnay Holmes,CB,70,195,4.48,,12,,,,NYG,4th,110,2020,HolmDa01
Brycen Hopkins,TE,76,245,4.66,33.5,21,116,7.25,4.28,LAR,4th,136,2020,HopkBr01
Khaleke Hudson,LB,71,224,4.56,33,30,120,,,WAS,5th,162,2020,HudsKh00
Robert Hunt,OL,77,323,,,,,,,MIA,2nd,39,2020,HuntRo01
Jalen Hurts,QB,73,222,4.59,35,,125,,,PHI,2nd,53,2020,HurtJa00
Noah Igbinoghene,CB,70,198,4.48,37,15,128,,,MIA,1st,30,2020,IgbiNo00
Brian Cole II,S,74,213,4.52,,,,,,MIN,7th,249,2020,ColeBr01
Rashard Lawrence II,DL,74,308,5.07,,22,,8.03,,ARI,4th,131,2020,LawrRa01
Reggie Robinson II,CB,73,205,4.44,36,22,132,7.09,4.18,DAL,4th,123,2020,RobiRe00
Henry Ruggs III,WR,71,188,4.27,42,,131,,,OAK,1st,12,2020,RuggHe00
Keith Ismael,OL,75,309,5.34,32,,108,8.14,4.65,WAS,5th,156,2020,IsmaKe00
Cordel Iwuagwu,OL,75,309,5.22,27,25,94,8.03,4.87,,IwuaCo01,,,
Austin Jackson,OL,77,322,5.07,31,27,115,7.95,,MIA,1st,18,2020,JackAu00
Dane Jackson,CB,72,187,4.57,35,,122,7.07,4.27,BUF,7th,239,2020,JackDa02
Jonah Jackson,OL,75,306,5.23,26,28,98,7.83,5.02,DET,3rd,75,2020,JackJo03
Lamar Jackson,CB,74,208,4.58,36.5,10,122,,,,JackLa01,,,
Trishton Jackson,WR,73,197,4.5,36,,117,,,,JackTr02,,,
Justin Jefferson,WR,73,202,4.43,37.5,,126,,,MIN,1st,22,2020,JeffJu00
Van Jefferson,WR,73,200,,,,,,,LAR,2nd,57,2020,JeffVa00
Anfernee Jennings,LB,74,256,,,,,,,NWE,3rd,87,2020,JennAn00
Jauan Jennings,WR,75,215,4.72,29,,119,,,SFO,7th,217,2020,JennJa00
Jerry Jeudy,WR,73,193,4.45,35,,120,,4.53,DEN,1st,15,2020,JeudJe00
Collin Johnson,WR,78,222,,,17,,,,JAX,5th,165,2020,JohnCo01
Jaylon Johnson,CB,72,193,4.5,36.5,15,124,7.01,4.13,CHI,2nd,50,2020,JohnJa13
Juwan Johnson,WR,76,230,4.58,33,14,124,6.94,4.37,,JohnJu02,,,
Tyler Johnson,WR,73,206,,,,,,,TAM,5th,161,2020,JohnTy00
Clay Johnston,LB,73,227,,,18,,,,LAR,7th,234,2020,JohnCl00
Benito Jones,DL,73,316,5.26,26.5,,,8.21,5.27,,JoneBe03,,,
Brandon Jones,S,71,198,,,,,,,MIA,3rd,70,2020,JoneBr06
Joshua Jones,OL,77,319,5.27,28.5,24,109,,,ARI,3rd,72,2020,JoneJo07
Tony Jones,RB,70,220,4.68,32.5,13,119,7.18,4.21,,JoneTo04,,,
Antoine Brooks Jr.,S,71,220,4.64,34.5,18,,,,PIT,6th,198,2020,BrooAn00
Willie Gay Jr.,LB,73,243,4.46,39.5,21,136,7.08,4.3,KAN,2nd,63,2020,GayJWi00
Laviska Shenault Jr.,WR,73,227,4.58,,17,,,,JAX,2nd,42,2020,ShenLa00
Antoine Winfield Jr.,S,69,203,4.45,36,,124,,,TAM,2nd,45,2020,WinfAn00
Azur Kamara,LB,75,245,4.59,28,13,121,7.2,4.46,,KamaAz01,,,
Khalid Kareem,DL,76,268,,,,,,,CIN,5th,147,2020,KareKh00
Dalton Keene,TE,76,253,4.71,34,21,125,7.07,4.19,NWE,3rd,101,2020,KeenDa00
Joshua Kelley,RB,71,212,4.49,31,23,121,6.95,4.28,LAC,4th,112,2020,KellJo01
BoPete Keyes,CB,73,202,,36,,126,,,KAN,7th,237,2020,KeyeTh00
Solomon Kindley,OL,75,337,,,,,,,MIA,4th,111,2020,KindSo00
Javon Kinlaw,DL,77,324,,,,,,,SFO,1st,14,2020,KinlJa00
Cole Kmet,TE,78,262,4.7,37,,123,7.44,4.41,CHI,2nd,43,2020,KmetCo00
CeeDee Lamb,WR,74,198,4.5,34.5,11,124,,,DAL,1st,17,2020,LambCe00
Javon Leake,RB,72,215,4.65,34,,125,,,,LeakJa01,,,
Benny LeMay,RB,68,221,4.75,28.5,24,112,,,,LeMaBe00,,,
Shane Lemieux,OL,76,310,5.11,25.5,,107,8.13,4.9,NYG,5th,150,2020,LemiSh00
Brian Lewerke,QB,74,213,4.95,31,,113,7.14,4.4,,LeweBr00,,,
Damien Lewis,OL,74,327,5.24,30,27,108,,,SEA,3rd,69,2020,LewiDa05
Terrell Lewis,LB,77,262,,37,,124,,,LAR,3rd,84,2020,LewiTe00
Kalija Lipscomb,WR,72,207,4.57,32,16,127,,,,LipsKa01,,,
Jordan Love,QB,76,224,4.74,35.5,,118,7.21,4.52,GNB,1st,26,2020,LoveJo03
Jake Luton,QB,78,224,,,,,,,JAX,6th,189,2020,LutoJa00
James Lynch,DL,76,289,5.01,29,23,111,7.39,4.39,MIN,4th,130,2020,LyncJa00
Austin Mack,WR,73,208,4.59,31.5,,117,,4.42,,MackAu01,,,
Jordan Mack,LB,75,241,,,,,,,,MackJo02,,,
Justin Madubuike,DL,75,293,4.83,,31,,7.37,,BAL,3rd,71,2020,MaduJu00
Braden Mann,P,71,198,4.83,31,,111,7.03,4.13,NYJ,6th,191,2020,MannBr01
Kamal Martin,LB,75,240,,,,,,,GNB,5th,175,2020,MartKa01
Cole McDonald,QB,75,215,4.58,36,,121,7.13,4.52,TEN,7th,224,2020,McDoCo00
Anthony McFarland,RB,68,208,4.44,29.5,,116,,,PIT,4th,124,2020,McFaAn00
Sean McKeon,TE,77,242,,,18,,,,,McKeSe01,,,
Xavier McKinney,S,72,201,4.63,36,19,122,,,NYG,2nd,36,2020,McKiXa00
Colton McKivitz,OL,78,306,5.35,26,20,106,7.87,5,SFO,5th,153,2020,McKiCo00
Josh Metellus,S,71,209,4.55,36.5,20,124,6.94,4.4,MIN,6th,205,2020,MeteJo00
Chris Miller,S,71,190,4.61,35.5,12,133,7.09,4.12,,MillCh06,,,
Denzel Mims,WR,75,207,4.38,38.5,16,131,6.66,4.43,NYJ,2nd,59,2020,MimsDe00
John Molchon,OL,77,309,5.13,34,26,109,7.85,4.73,,MolcJo01,,,
JJ Molson,K,71,182,,,,,,,,MolsJJ01,,,
Steven Montez,QB,76,231,4.68,33,,117,7.25,4.43,,MontSt01,,,
Darnell Mooney,WR,70,176,4.38,37,9,124,,,CHI,5th,173,2020,MoonDa00
James Morgan,QB,76,229,4.89,29,,112,7.51,4.64,NYJ,4th,125,2020,MorgJa00
Thaddeus Moss,TE,74,250,,,,,,,,MossTh01,,,
Zack Moss,RB,69,223,4.65,33,19,,,4.37,BUF,3rd,86,2020,MossZa00
Larrell Murchison,DL,74,297,5.05,29,29,118,7.89,4.51,TEN,5th,174,2020,MurcLa00
Kyle Murphy,OL,75,316,5.3,28,19,104,7.81,4.68,,MurpKy02,,,
Kenneth Murray,LB,74,241,4.52,38,21,129,,,LAC,1st,23,2020,MurrKe00
Tanner Muse,S,74,227,4.41,34.5,20,124,,,OAK,3rd,100,2020,MuseTa00
Netane Muti,OL,75,315,,,44,,,,DEN,6th,181,2020,MutiNe00
Lucas Niang,OL,78,315,,,,,,,KAN,3rd,96,2020,NianLu00
C.J. O'Grady,TE,76,253,4.81,34,16,119,7.3,4.34,,OGraCJ00,,,
Michael Ojemudia,CB,73,200,4.45,36,,122,6.87,4.21,DEN,3rd,77,2020,OjemMi00
Jeff Okudah,CB,73,205,4.48,41,11,135,,,DET,1st,3,2020,OkudJe00
Julian Okwara,DL,76,252,,,27,,,,DET,3rd,67,2020,OkwaJu00
Albert Okwuegbunam,TE,77,258,4.49,,,,,,DEN,4th,118,2020,OkwuAl00
Sewo Olonilua,RB,75,232,4.66,36,25,123,,4.28,,OlonSe01,,,
Dante Olson,LB,74,237,4.88,42,15,124,7,4.32,,OlsoDa01,,,
Mike Onwenu,OL,75,344,,,26,,,,NWE,6th,182,2020,OnweMi00
K.J. Osborn,WR,71,203,4.48,37.5,18,123,7,4.35,MIN,5th,176,2020,OsboKJ00
Aaron Parker,WR,74,209,4.57,26.5,12,112,6.94,4.23,,ParkAa01,,,
Colby Parkinson,TE,79,252,4.77,32.5,18,109,7.15,4.46,SEA,4th,133,2020,ParkCo02
Dezmon Patmon,WR,76,225,4.48,36,15,132,7.28,4.38,IND,6th,212,2020,PatmDe00
Shea Patterson,QB,73,212,4.71,31,,116,7.14,4.5,,PattSh00,,,
Matt Peart,OL,79,318,5.06,30,26,113,8.01,4.92,NYG,3rd,99,2020,PearMa00
Alex Pechin,P,73,213,4.69,34,13,,,,,PechAl00,,,
John Penisini,DL,73,318,,25.5,23,,,4.93,DET,6th,197,2020,PeniJo00
Donovan Peoples-Jones,WR,74,212,4.48,44.5,,139,,,CLE,6th,187,2020,PeopDo00
La'Mical Perine,RB,71,216,4.62,35,22,118,7.13,4.31,NYJ,4th,120,2020,PeriLa00
Malcolm Perry,WR,69,186,4.63,36,10,122,7.12,4.31,MIA,7th,246,2020,PerrMa00
Jacob Phillips,LB,75,229,4.66,39,,126,7.38,4.33,CLE,3rd,97,2020,PhilJa01
Scottie Phillips,RB,68,209,4.56,30,29,114,7.4,4.53,,PhilSc01,,,
Tyre Phillips,OL,77,331,5.37,25,22,93,8.17,5.11,BAL,3rd,106,2020,PhilTy00
James Pierre,CB,72,183,4.59,33.5,,123,7.02,,,PierJa01,,,
Michael Pinckney,LB,71,235,,,,,,,,PincMi01,,,
Jared Pinkney,TE,76,257,4.96,,23,,,,,PinkJa02,,,
Danny Pinter,OL,76,306,4.91,29.5,24,110,7.76,4.62,IND,5th,149,2020,PintDa00
Michael Pittman,WR,76,223,4.52,36.5,13,121,6.96,4.14,IND,2nd,34,2020,PittMi01
Troy Pride,CB,71,193,4.4,35.5,13,119,6.94,4.26,CAR,4th,113,2020,PridTr00
James Proche,WR,71,201,,34.5,20,,7.27,4.4,BAL,6th,201,2020,ProcJa00
Shaquille Quarterman,LB,72,234,4.74,31,23,120,,,JAX,4th,140,2020,QuarSh00
Patrick Queen,LB,72,229,4.5,35,18,125,,,BAL,1st,28,2020,QueePa00
Jalen Reagor,WR,71,206,4.47,42,17,138,7.31,4.46,PHI,1st,21,2020,ReagJa00
Joe Reed,WR,72,224,4.47,38,21,123,,,LAC,5th,151,2020,ReedJo03
J.R. Reed,S,73,202,4.54,34,15,130,,,,ReedJR01,,,
John Reid,CB,70,187,4.49,36.5,20,129,6.95,3.97,HOU,4th,141,2020,ReidJo00
Chauncey Rivers,DL,74,262,4.97,30.5,20,106,7.33,4.7,,RiveCh01,,,
Malcolm Roach,DL,74,297,4.84,30,20,114,,,,RoacMa01,,,
Amik Robertson,CB,68,187,,,,,,,OAK,4th,139,2020,RobeAm00
Alton Robinson,DL,75,264,4.69,35.5,25,119,7.32,4.32,SEA,5th,148,2020,RobiAl03
James Robinson,RB,69,219,4.64,40,24,125,7.03,4.19,,RobiJa00,,,
Kendrick Rogers,WR,76,208,4.51,35.5,17,124,7.13,4.48,,RogeKe00,,,
Cesar Ruiz,OL,75,307,5.08,33,28,113,7.91,4.64,NOR,1st,24,2020,RuizCe00
Jon Runyan,OL,76,306,5.08,30.5,24,107,7.57,4.69,GNB,6th,192,2020,RunyJo00
Chapelle Russell,LB,74,236,4.69,35,21,121,7.38,4.41,TAM,7th,241,2020,RussCh00
Stanford Samuels,CB,73,187,4.65,,,,,,,SamuSt01,,,
Josiah Scott,CB,69,185,4.42,,17,,,,JAX,4th,137,2020,ScotJo00
Qaadir Sheppard,DL,75,261,4.83,31.5,28,115,,,,ShepQa00,,,
Isaiah Simmons,LB,76,238,4.39,39,,132,,,ARI,1st,8,2020,SimmIs00
John Simpson,OL,76,321,5.24,30,34,107,8.03,4.87,OAK,4th,109,2020,SimpJo00
Arryn Siposs,P,74,213,5.09,,,,,,,SipoAr01,,,
James Smith-Williams,DL,76,265,4.6,32,28,123,7.35,4.52,WAS,7th,229,2020,SmitJa08
L'Jarius Sneed,S,72,192,4.37,41,12,131,,,KAN,4th,138,2020,SneeLJ00
Nate Stanley,QB,76,235,4.81,28.5,,108,7.26,4.48,MIN,7th,244,2020,StanNa00
Terence Steele,OL,78,312,5.03,27.5,27,106,,5.08,,SteeTe01,,,
Logan Stenberg,OL,78,317,5.3,26,,104,8,4.83,DET,4th,121,2020,StenLo00
Simon Stepaniak,OL,76,313,,,37,,,,GNB,6th,209,2020,StepSi00
Darrell Stewart,WR,72,212,,35,15,117,,,,StewDa01,,,
Geno Stone,S,70,207,4.62,33.5,12,116,,,BAL,7th,219,2020,StonGe00
Justin Strnad,LB,75,238,4.74,29,,113,,4.49,DEN,5th,178,2020,StrnJu00
Jason Strowbridge,DL,76,275,4.89,31,26,113,7.45,4.37,MIA,5th,154,2020,StroJa02
Stephen Sullivan,TE,77,248,4.66,36.5,,123,7.51,4.62,SEA,7th,251,2020,SullSt00
Freddie Swain,WR,72,197,4.46,36.5,16,124,7.05,4.26,SEA,6th,214,2020,SwaiFr00
D'Andre Swift,RB,68,212,4.48,35.5,,121,,,DET,2nd,35,2020,SwifDA00
Tua Tagovailoa,QB,72,217,,,,,,,MIA,1st,5,2020,TagoTu00
Charlie Taumoepeau,TE,74,240,4.75,36.5,18,121,7,4.27,,TaumCh01,,,
Alex Taylor,OL,80,308,5.09,25,21,116,7.77,4.79,,TaylAl02,,,
Darrell Taylor,LB,76,267,,,,,,,SEA,2nd,48,2020,TaylDa00
Davion Taylor,LB,72,228,4.49,35,21,127,6.96,4.26,PHI,3rd,103,2020,TaylDa01
J.J. Taylor,RB,5-May,185,4.61,34.5,19,118,7,4.15,,TaylJJ01,,,
Jonathan Taylor,RB,70,226,4.39,36,17,123,7.01,4.24,IND,2nd,41,2020,TaylJo02
Patrick Taylor,RB,73,217,4.57,34,15,123,,4.34,,TaylPa01,,,
A.J. Terrell,CB,73,195,4.42,34.5,15,129,,,ATL,1st,16,2020,TerrAJ00
Andrew Thomas,OL,77,315,5.22,30.5,21,109,7.58,4.66,NYG,1st,4,2020,ThomAn02
Daniel Thomas,S,70,215,4.51,37,24,125,,,JAX,5th,157,2020,ThomDa07
Jeff Thomas,WR,69,170,4.45,36.5,,125,,,,ThomJe04,,,
Stantley Thomas-Oliver,CB,72,192,4.48,34,,127,,,CAR,7th,221,2020,ThomSt00
Calvin Throckmorton,OL,77,317,5.57,27,23,97,8.07,4.98,,ThroCa01,,,
Casey Toohill,LB,76,250,4.62,39,17,126,7.08,4.21,PHI,7th,233,2020,ToohCa00
Tommy Townsend,P,73,191,4.75,,,,,,,TownTo01,,,
Adam Trautman,TE,77,255,4.8,34.5,18,114,6.78,4.27,NOR,3rd,105,2020,TrauAd00
Michael Turk,P,72,226,4.79,34.5,25,108,,4.72,,-9999,,,
Derrek Tuszka,DL,76,251,4.79,33.5,24,120,6.87,4.34,DEN,7th,254,2020,TuszDe00
Josh Uche,LB,73,245,,,18,,,,NWE,2nd,60,2020,UcheJo00
Ke'Shawn Vaughn,RB,70,214,4.51,32,,117,,,TAM,3rd,76,2020,VaugKe00
Ben Victor,WR,76,198,4.6,35,9,128,7.1,,,VictBi01,,,
Kindle Vildor,CB,70,191,4.44,39.5,22,133,7.14,4.28,CHI,5th,163,2020,VildKi00
Mykal Walker,LB,75,230,4.65,33,20,122,7.09,4.25,ATL,4th,119,2020,WalkMy00
K'Von Wallace,S,71,206,4.53,38,18,133,6.76,4.15,PHI,4th,127,2020,WallKV00
Prince Tega Wanogho,OL,77,308,,,,,,,PHI,6th,210,2020,WanoTe00
Mike Warren,RB,69,226,,,16,,,,,WarrMi00,,,
Broderick Washington,DL,74,305,,,23,,,,BAL,5th,170,2020,WashBr01
Quez Watkins,WR,72,185,4.35,36.5,,125,7.28,4.36,PHI,6th,200,2020,WatkQu00
Curtis Weaver,LB,74,265,,32.5,,116,7,4.27,MIA,5th,164,2020,WeavCu00
Evan Weaver,LB,74,237,4.76,32,15,117,7.02,4.21,ARI,6th,202,2020,WeavEv00
Cody White,WR,75,217,4.66,35.5,,120,7.19,4.52,,WhitCo04,,,
Mitchell Wilcox,TE,75,247,4.88,31,,112,7.37,4.43,,WilcMi01,,,
Kenny Willekes,DL,75,264,4.87,32.5,32,119,7.39,,MIN,7th,225,2020,WillKe06
Darryl Williams,OL,74,304,5.23,25.5,23,102,7.88,4.76,,WillDa13,,,
Raequan Williams,DL,76,308,5.04,25.5,17,101,7.72,4.78,,WillRa03,,,
Jedrick Wills,OL,76,312,5.05,34.5,,113,,4.84,CLE,1st,10,2020,WillJe04
Isaiah Wilson,OL,78,350,5.32,29,26,110,8.26,5.07,TEN,1st,29,2020,WilsIs00
Logan Wilson,LB,74,241,4.63,32,21,121,7.07,4.27,CIN,3rd,65,2020,WilsLo00
Rob Windsor,DL,76,290,4.9,28.5,21,111,7.47,4.44,IND,6th,193,2020,WindRo01
Tristan Wirfs,OL,77,320,4.85,36.5,24,121,7.65,4.68,TAM,1st,13,2020,WirfTr00
Steven Wirtel,LS,76,235,4.76,26,,120,7.12,4.28,,WirtSt00,,,
Charlie Woerner,TE,77,244,4.78,34.5,21,120,7.18,4.46,SFO,6th,190,2020,WoerCh00
D.J. Wonnum,DL,77,258,4.73,34.5,20,123,7.25,4.44,MIN,4th,117,2020,WonnDJ00
Dom Wood-Anderson,TE,76,261,4.92,35,,119,,,,WoodDo01,,,
David Woodward,LB,74,230,4.79,33.5,16,114,7.34,4.37,,WoodDa04,,,
Chase Young,DL,77,264,,,,,,,WAS,1st,2,2020,YounCh04
Jabari Zuniga,DL,75,264,4.64,33,29,127,,,NYJ,3rd,79,2020,ZuniJa00
